city_name,city_id_name,value
保亭黎族苗族自治县,陵水黎族自治县,0.007513161479999999
乐东黎族自治县,陵水黎族自治县,0.00274363524
琼中黎族苗族自治县,陵水黎族自治县,0.0013891824
昌江黎族自治县,陵水黎族自治县,0.00038202516000000004
白沙黎族自治县,陵水黎族自治县,0.0003472956
南宁,陵水黎族自治县,0.00025468344
钦州,陵水黎族自治县,0.0002199538799999
玉林,陵水黎族自治县,0.0002199538799999
桂林,陵水黎族自治县,0.00015049476
河池,陵水黎族自治县,0.00012734172
黔西南布依族苗族自治州,陵水黎族自治县,0.00012734172
延边朝鲜族自治州,陵水黎族自治县,0.00012734172
贺州,陵水黎族自治县,9.261216e-05
湘西土家族苗族自治州,陵水黎族自治县,9.261216e-05
梧州,陵水黎族自治县,9.261216e-05
贵港,陵水黎族自治县,9.261216e-05
百色,陵水黎族自治县,5.78826e-05
塔城地区,伊犁哈萨克自治州,0.00372503124
克拉玛依,伊犁哈萨克自治州,0.00359544096
乌鲁木齐,伊犁哈萨克自治州,0.00229953816
博尔塔拉蒙古自治州,伊犁哈萨克自治州,0.00103672224
巴音郭楞蒙古自治州,伊犁哈萨克自治州,0.0008740450800000001
昌吉回族自治州,伊犁哈萨克自治州,0.0006479514
石河子,伊犁哈萨克自治州,0.00061486452
哈密,伊犁哈萨克自治州,0.00038877084000000004
吐鲁番,伊犁哈萨克自治州,0.00035568396
阿克苏地区,伊犁哈萨克自治州,0.0002895102
喀什地区,伊犁哈萨克自治州,0.00025918056
和田地区,伊犁哈萨克自治州,0.00012959028
海西蒙古族藏族自治州,伊犁哈萨克自治州,3.0329640000000005e-05
桂林,伊犁哈萨克自治州,3.0329640000000005e-05
陵水黎族自治县,伊犁哈萨克自治州,3.0329640000000005e-05
阿勒泰地区,伊犁哈萨克自治州,3.0329640000000005e-05
巴彦淖尔,伊犁哈萨克自治州,3.0329640000000005e-05
呼和浩特,伊犁哈萨克自治州,3.0329640000000005e-05
德宏傣族景颇族自治州,伊犁哈萨克自治州,3.0329640000000005e-05
临夏回族自治州,兰州,0.13218078960000001
甘南藏族自治州,兰州,0.0116948059199999
银川,兰州,0.00471723264
中卫,兰州,0.00304654608
阿拉善盟,兰州,0.00206378928
固原,兰州,0.00206378928
海西蒙古族藏族自治州,兰州,0.00176896224
乌鲁木齐,兰州,0.00167068656
吴忠,兰州,0.0015724108800000002
巴彦淖尔,兰州,0.00108103248
石嘴山,兰州,0.00088448112
包头,兰州,0.00068792976
呼和浩特,兰州,0.00068792976
乌海,兰州,0.00068792976
哈密,兰州,0.00058965408
海北藏族自治州,兰州,0.00058965408
陵水黎族自治县,文昌,0.00164431296
乐东黎族自治县,文昌,0.0012822624
昌江黎族自治县,文昌,0.0006034176000000001
琼中黎族苗族自治县,文昌,0.00057324672
白沙黎族自治县,文昌,0.00057324672
南宁,文昌,0.00034696512000000003
保亭黎族苗族自治县,文昌,0.00031679424
河池,文昌,0.00022628159999999999
玉林,文昌,0.00018102528000000002
黔南布依族苗族自治州,文昌,0.00018102528000000002
北海,文昌,0.00015085440000000002
黔东南苗族侗族自治州,文昌,0.0001206835199999
崇左,文昌,0.0001206835199999
乌海,文昌,9.051264000000001e-05
桂林,文昌,9.051264000000001e-05
钦州,文昌,6.0341759999999996e-05
怒江傈僳族自治州,文昌,6.0341759999999996e-05
文山壮族苗族自治州,文昌,6.0341759999999996e-05
柳州,文昌,6.0341759999999996e-05
来宾,文昌,6.0341759999999996e-05
南宁,河池,0.08362185984
柳州,河池,0.05438270016
百色,河池,0.04006584
黔南布依族苗族自治州,河池,0.0292035455999999
来宾,河池,0.0160619500799999
桂林,河池,0.00794193984
玉林,河池,0.0074433427199999
贵港,河池,0.0048435148799999
钦州,河池,0.0031340390399999
黔东南苗族侗族自治州,河池,0.00256421376
梧州,河池,0.0024929856
文山壮族苗族自治州,河池,0.0018875462399999
崇左,河池,0.001780704
北海,河池,0.001780704
黔西南布依族苗族自治州,河池,0.00146017728
防城港,河池,0.0009615801600000001
贺州,河池,0.0007835097599999
红河哈尼族彝族自治州,河池,0.0003917548799999
乐东黎族自治县,河池,0.0001780704
黔南布依族苗族自治州,新余,0.001516806
黔东南苗族侗族自治州,新余,0.0013246772400000001
湘西土家族苗族自治州,新余,0.0010314280800000001
黔西南布依族苗族自治州,新余,0.00032358528
河池,新余,0.0002224648799999
梧州,新余,0.00019212876
文山壮族苗族自治州,新余,0.00012134448
贺州,新余,0.00012134448
来宾,新余,9.100835999999999e-05
桂林,新余,9.100835999999999e-05
通辽,营口,0.00279842688
赤峰,营口,0.0019822190399999
兴安盟,营口,0.0004664044799999
呼伦贝尔,营口,0.00040810392
呼和浩特,营口,0.00034980336
鄂尔多斯,营口,0.0002332022399999
延边朝鲜族自治州,营口,0.00017490168
包头,营口,0.00017490168
乌兰察布,营口,0.0001457513999999
南宁,营口,0.0001166011199999
昌吉回族自治州,阿勒泰地区,0.00123064272
乌鲁木齐,阿勒泰地区,0.0009710182800000001
塔城地区,阿勒泰地区,0.0007445617200000001
克拉玛依,阿勒泰地区,0.00038772108
哈密,阿勒泰地区,0.00012924036
吐鲁番,阿勒泰地区,9.607247999999999e-05
阿克苏地区,阿勒泰地区,6.404832000000003e-05
博尔塔拉蒙古自治州,阿勒泰地区,3.2024160000000015e-05
伊犁哈萨克自治州,阿勒泰地区,3.2024160000000015e-05
和田地区,阿勒泰地区,3.2024160000000015e-05
巴彦淖尔,阿勒泰地区,3.2024160000000015e-05
乐东黎族自治县,三亚,0.09370705968000001
陵水黎族自治县,三亚,0.04975339464
保亭黎族苗族自治县,三亚,0.01897340112
昌江黎族自治县,三亚,0.00488834352
琼中黎族苗族自治县,三亚,0.00190562544
白沙黎族自治县,三亚,0.00190562544
南宁,三亚,0.00161563896
玉林,三亚,0.00140850576
贵港,三亚,0.0006628262400000001
桂林,三亚,0.00057997296
钦州,三亚,0.00053854632
黔西南布依族苗族自治州,三亚,0.00037283976
阿拉善盟,嘉峪关,0.0010317877199999
哈密,嘉峪关,0.00044949168
临夏回族自治州,嘉峪关,0.00038819736000000004
乌海,嘉峪关,0.00038819736000000004
巴彦淖尔,嘉峪关,0.00034733447999999996
中卫,嘉峪关,0.0002553929999999
吴忠,嘉峪关,0.0001532358
海西蒙古族藏族自治州,嘉峪关,0.0001532358
石嘴山,嘉峪关,0.0001532358
固原,嘉峪关,0.00012258864
乌鲁木齐,嘉峪关,0.00012258864
鄂尔多斯,嘉峪关,0.00012258864
楚雄彝族自治州,嘉峪关,0.00012258864
银川,嘉峪关,0.00012258864
昌吉回族自治州,嘉峪关,9.194148000000001e-05
吐鲁番,嘉峪关,6.129432e-05
阿坝藏族羌族自治州,嘉峪关,6.129432e-05
防城港,嘉峪关,6.129432e-05
巴音郭楞蒙古自治州,嘉峪关,3.064716e-05
呼和浩特,嘉峪关,3.064716e-05
大理白族自治州,迪庆藏族自治州,0.01635494976
甘孜藏族自治州,迪庆藏族自治州,0.005894830079999999
怒江傈僳族自治州,迪庆藏族自治州,0.0031396377600000002
楚雄彝族自治州,迪庆藏族自治州,0.0016819488
昌都,迪庆藏族自治州,0.0011613456
凉山彝族自治州,迪庆藏族自治州,0.00044851968
红河哈尼族彝族自治州,迪庆藏族自治州,0.00035240832000000004
德宏傣族景颇族自治州,迪庆藏族自治州,0.00025629696
文山壮族苗族自治州,迪庆藏族自治州,0.00012814848
黔东南苗族侗族自治州,迪庆藏族自治州,9.611136e-05
玉林,迪庆藏族自治州,9.611136e-05
百色,迪庆藏族自治州,6.407424000000001e-05
西双版纳傣族自治州,迪庆藏族自治州,6.407424000000001e-05
拉萨,迪庆藏族自治州,6.407424000000001e-05
鄂尔多斯,迪庆藏族自治州,3.2037120000000014e-05
吴忠,迪庆藏族自治州,3.2037120000000014e-05
呼和浩特,迪庆藏族自治州,3.2037120000000014e-05
乌鲁木齐,迪庆藏族自治州,3.2037120000000014e-05
百色,阳江,0.00891754272
河池,阳江,0.0059849280000000005
崇左,阳江,0.00535651056
文山壮族苗族自治州,阳江,0.00487771632
玉林,阳江,0.00445877136
南宁,阳江,0.0021246494399999
北海,阳江,0.0017655537600000002
钦州,阳江,0.00152615664
梧州,阳江,0.0014363827199999
黔南布依族苗族自治州,阳江,0.00137653344
来宾,阳江,0.0010473624
贵港,阳江,0.0010473624
桂林,阳江,0.00101743776
黔东南苗族侗族自治州,阳江,0.0009575884800000001
柳州,阳江,0.0009575884800000001
贺州,阳江,0.0007181913599999
湘西土家族苗族自治州,阳江,0.0004488696
防城港,阳江,0.00032917104
黔西南布依族苗族自治州,阳江,0.00026932176
凉山彝族自治州,阳江,0.0001795478399999
红河哈尼族彝族自治州,阳江,0.0001496232
乐东黎族自治县,阳江,0.0001496232
湘西土家族苗族自治州,鹰潭,0.0016197667199999999
黔东南苗族侗族自治州,鹰潭,0.00151412976
黔南布依族苗族自治州,鹰潭,0.00063382176
黔西南布依族苗族自治州,鹰潭,0.00038733552
南宁,鹰潭,0.00038733552
桂林,鹰潭,0.00024648624
文山壮族苗族自治州,鹰潭,0.00021127392000000003
柳州,鹰潭,0.00019366776
百色,鹰潭,0.00012324312
玉林,广州,0.10644286464
贵港,广州,0.0790005635999999
钦州,广州,0.0748426392
梧州,广州,0.06569520552000001
南宁,广州,0.05322143232
贺州,广州,0.03658973472
百色,广州,0.03492656496
河池,广州,0.0332633952
桂林,广州,0.0332633952
黔东南苗族侗族自治州,广州,0.0291054708
黔南布依族苗族自治州,广州,0.020789622
文山壮族苗族自治州,广州,0.01912645224
柳州,广州,0.01829486736
崇左,广州,0.01580011272
湘西土家族苗族自治州,广州,0.01580011272
北海,广州,0.01580011272
来宾,广州,0.01413694296
黔西南布依族苗族自治州,广州,0.01330535808
防城港,广州,0.00665267904
湘西土家族苗族自治州,常德,0.0071912448
黔西南布依族苗族自治州,常德,0.00265177152
黔南布依族苗族自治州,常德,0.0018427564800000001
黔东南苗族侗族自治州,常德,0.0014382489600000001
恩施土家族苗族自治州,常德,0.0006741792
桂林,常德,0.00058428864
南宁,常德,0.00049439808
文山壮族苗族自治州,常德,0.00031461696
红河哈尼族彝族自治州,常德,0.0002696716799999
大理白族自治州,丽江,0.0790100438399999
迪庆藏族自治州,丽江,0.03193437312
凉山彝族自治州,丽江,0.009614194559999999
楚雄彝族自治州,丽江,0.0056541628799999
怒江傈僳族自治州,丽江,0.0047223907200000005
红河哈尼族彝族自治州,丽江,0.0010164787199999999
文山壮族苗族自治州,丽江,0.0007623590399999
德宏傣族景颇族自治州,丽江,0.0006141225599999
甘孜藏族自治州,丽江,0.0002117664
西双版纳傣族自治州,丽江,0.00019058976
桂林,丽江,0.0001482364799999
百色,丽江,0.0001482364799999
黔西南布依族苗族自治州,丽江,0.0001482364799999
黔东南苗族侗族自治州,丽江,0.0001270598399999
防城港,丽江,8.470655999999997e-05
吴忠,银川,0.1527721074
石嘴山,银川,0.102907827
中卫,银川,0.0557765999999999
固原,银川,0.050700929400000004
鄂尔多斯,银川,0.0168445332
乌海,银川,0.0070836282
阿拉善盟,银川,0.0064143089999999
巴彦淖尔,银川,0.0035697024
包头,银川,0.0020637342000000003
乌鲁木齐,银川,0.0006693191999999
呼和浩特,银川,0.0006135426
临夏回族自治州,银川,0.0003346595999999
桂林,银川,0.0003346595999999
恩施土家族苗族自治州,潜江,2.9626560000000013e-05
乌鲁木齐,昌吉回族自治州,0.02653248312
五家渠,昌吉回族自治州,0.00799782984
石河子,昌吉回族自治州,0.0044663205600000006
塔城地区,昌吉回族自治州,0.003462264
吐鲁番,昌吉回族自治州,0.00171382068
哈密,昌吉回族自治州,0.0014541508800000001
阿勒泰地区,昌吉回族自治州,0.0012579559199999
伊犁哈萨克自治州,昌吉回族自治州,0.0008078616
巴音郭楞蒙古自治州,昌吉回族自治州,0.0007443867599999
克拉玛依,昌吉回族自治州,0.00048471695999999996
阿克苏地区,昌吉回族自治州,0.000288522
阿拉善盟,昌吉回族自治州,0.00022504716
喀什地区,昌吉回族自治州,0.00016157232
海西蒙古族藏族自治州,昌吉回族自治州,9.232704e-05
乌海,昌吉回族自治州,9.232704e-05
博尔塔拉蒙古自治州,昌吉回族自治州,6.347484e-05
临夏回族自治州,昌吉回族自治州,6.347484e-05
图木舒克,昌吉回族自治州,6.347484e-05
和田地区,昌吉回族自治州,6.347484e-05
吴忠,昌吉回族自治州,6.347484e-05
巴彦淖尔,昌吉回族自治州,2.8852199999999998e-05
石嘴山,昌吉回族自治州,2.8852199999999998e-05
银川,昌吉回族自治州,2.8852199999999998e-05
防城港,昌吉回族自治州,2.8852199999999998e-05
凉山彝族自治州,昌吉回族自治州,2.8852199999999998e-05
兴安盟,昌吉回族自治州,2.8852199999999998e-05
呼伦贝尔,齐齐哈尔,0.01616542272
兴安盟,齐齐哈尔,0.01013385168
通辽,齐齐哈尔,0.0005178621599999
赤峰,齐齐哈尔,0.00038585808
乌兰察布,齐齐哈尔,0.00012184992
呼和浩特,齐齐哈尔,6.092496e-05
乌鲁木齐,齐齐哈尔,6.092496e-05
鄂尔多斯,齐齐哈尔,6.092496e-05
巴彦淖尔,齐齐哈尔,6.092496e-05
昌吉回族自治州,齐齐哈尔,3.046248e-05
湘西土家族苗族自治州,娄底,0.0023529528
黔西南布依族苗族自治州,娄底,0.0023529528
黔南布依族苗族自治州,娄底,0.0020534860799999
桂林,娄底,0.0014973335999999
黔东南苗族侗族自治州,娄底,0.0013262097599999999
南宁,娄底,0.0006844953599999
柳州,娄底,0.00029946672
玉林,娄底,0.0002566857599999
德宏傣族景颇族自治州,娄底,0.0002139048
文山壮族苗族自治州,娄底,0.0001711238399999
鄂尔多斯,太原,0.0015785279999999
包头,太原,0.00131544
乌兰察布,太原,0.00131544
陵水黎族自治县,太原,0.0010523519999999
呼和浩特,太原,0.0007892639999999
西双版纳傣族自治州,太原,0.0005261759999999
赤峰,太原,0.0005261759999999
黔东南苗族侗族自治州,黄石,0.0001614492
银川,黄石,0.00012915936000000003
黔西南布依族苗族自治州,黄石,9.686951999999999e-05
桂林,黄石,6.457968000000001e-05
德宏傣族景颇族自治州,黄石,6.457968000000001e-05
河池,黄石,3.228984000000001e-05
柳州,黄石,3.228984000000001e-05
黔南布依族苗族自治州,黄石,3.228984000000001e-05
锡林郭勒盟,黄石,3.228984000000001e-05
大理白族自治州,黄石,3.228984000000001e-05
湘西土家族苗族自治州,黄石,3.228984000000001e-05
贵港,黄石,3.228984000000001e-05
湘西土家族苗族自治州,舟山,0.0005965423199999
北海,舟山,0.0002711556
凉山彝族自治州,舟山,0.0002711556
通辽,沈阳,0.03647276424
赤峰,沈阳,0.01815943536
兴安盟,沈阳,0.00415512504
呼伦贝尔,沈阳,0.0035395509600000003
延边朝鲜族自治州,沈阳,0.00200061576
乌兰察布,沈阳,0.0012311481599999
西双版纳傣族自治州,沈阳,0.0007694675999999
锡林郭勒盟,沈阳,0.0007694675999999
呼和浩特,沈阳,0.0007694675999999
鄂尔多斯,沈阳,0.0006155740799999
黔南布依族苗族自治州,萍乡,0.00251946288
黔东南苗族侗族自治州,萍乡,0.00232415568
黔西南布依族苗族自治州,萍乡,0.00103512816
湘西土家族苗族自治州,萍乡,0.0008984131199999999
南宁,萍乡,0.00031249152
桂林,萍乡,0.00031249152
柳州,萍乡,0.00027343007999999997
来宾,萍乡,0.00025389936
河池,萍乡,0.00025389936
文山壮族苗族自治州,萍乡,0.00017577648
甘孜藏族自治州,凉山彝族自治州,0.007597229759999999
楚雄彝族自治州,凉山彝族自治州,0.00576341568
大理白族自治州,凉山彝族自治州,0.00082958256
阿坝藏族羌族自治州,凉山彝族自治州,0.00056760912
河池,凉山彝族自治州,0.0004802846400000001
红河哈尼族彝族自治州,凉山彝族自治州,0.00039296016000000004
黔西南布依族苗族自治州,凉山彝族自治州,0.00034929792
德宏傣族景颇族自治州,凉山彝族自治州,0.00034929792
黔南布依族苗族自治州,凉山彝族自治州,0.0002183112
百色,凉山彝族自治州,0.0002183112
西双版纳傣族自治州,凉山彝族自治州,0.00017464896
鄂尔多斯,凉山彝族自治州,0.00017464896
桂林,凉山彝族自治州,0.0001309867199999
黔东南苗族侗族自治州,凉山彝族自治州,0.0001309867199999
文山壮族苗族自治州,凉山彝族自治州,0.0001309867199999
柳州,凉山彝族自治州,0.0001309867199999
来宾,柳州,0.21727219679999998
河池,柳州,0.0836540784
桂林,柳州,0.0743036652
南宁,柳州,0.0635970852
黔东南苗族侗族自治州,柳州,0.0327621348
贵港,柳州,0.029264652000000002
玉林,柳州,0.0215559144
百色,柳州,0.0077087376
梧州,柳州,0.00713772
贺州,柳州,0.0062811936
钦州,柳州,0.005424667199999999
黔南布依族苗族自治州,柳州,0.0047822724
文山壮族苗族自治州,柳州,0.0034974828000000004
北海,柳州,0.0034974828000000004
崇左,柳州,0.0027123335999999997
防城港,柳州,0.0017130528
黔西南布依族苗族自治州,柳州,0.0009992808
红河哈尼族彝族自治州,柳州,0.0004996404
湘西土家族苗族自治州,柳州,0.000356886
鄂尔多斯,长治,0.0006522768
呼和浩特,长治,0.00019568304
乌兰察布,长治,0.00019568304
凉山彝族自治州,昭通,0.13022856
楚雄彝族自治州,昭通,0.00373491
红河哈尼族彝族自治州,昭通,0.00359397
大理白族自治州,昭通,0.00359397
文山壮族苗族自治州,昭通,0.0021141
黔西南布依族苗族自治州,昭通,0.00183222
西双版纳傣族自治州,昭通,0.0014094
黔南布依族苗族自治州,昭通,0.00119799
德宏傣族景颇族自治州,昭通,0.00084564
黔东南苗族侗族自治州,昭通,0.0007047
南宁,昭通,0.0007047
桂林,昭通,0.00056376
百色,昭通,0.00049329
来宾,昭通,0.00049329
柳州,昭通,0.00035235
呼伦贝尔,大庆,0.00168370488
赤峰,大庆,0.00028772172
桂林,大庆,0.0001598454
陵水黎族自治县,大庆,0.0001598454
通辽,大庆,0.0001598454
兴安盟,大庆,0.0001598454
保亭黎族苗族自治县,大庆,0.00012787632
西双版纳傣族自治州,大庆,6.393816e-05
乌兰察布,大庆,6.393816e-05
防城港,大庆,6.393816e-05
乐东黎族自治县,大庆,6.393816e-05
银川,大庆,6.393816e-05
锡林郭勒盟,大庆,6.393816e-05
凉山彝族自治州,乐山,0.0162636011999999
甘孜藏族自治州,乐山,0.00130902156
楚雄彝族自治州,乐山,0.00051567516
桂林,乐山,0.00043634052000000005
黔东南苗族侗族自治州,乐山,0.0003966732
阿坝藏族羌族自治州,乐山,0.0003966732
黔西南布依族苗族自治州,乐山,0.00023800392000000004
红河哈尼族彝族自治州,乐山,0.0001983366
南宁,乐山,0.0001983366
银川,乐山,0.00015866928
黔南布依族苗族自治州,乐山,0.00015866928
大理白族自治州,乐山,0.00015866928
贺州,乐山,0.00015866928
拉萨,乐山,0.00011900196000000002
河池,河源,0.0020736777600000003
玉林,河源,0.0020366477999999998
黔东南苗族侗族自治州,河源,0.0019996178399999997
黔南布依族苗族自治州,河源,0.0012960486
贵港,河源,0.0011108988
黔西南布依族苗族自治州,河源,0.0009998089199999
湘西土家族苗族自治州,河源,0.0009627789599999999
南宁,河源,0.0008516890799999
百色,河源,0.0008146591199999
钦州,河源,0.0007405991999999
红河哈尼族彝族自治州,河源,0.0007405991999999
桂林,河源,0.00062950932
贺州,河源,0.0005924793599999
文山壮族苗族自治州,河源,0.0005924793599999
来宾,河源,0.00044435952000000006
柳州,河源,0.0003702995999999
梧州,河源,0.00033326964
北海,河源,0.00025920972000000004
崇左,河源,0.00025920972000000004
昌吉回族自治州,鄂州,3.1201199999999995e-05
柳州,来宾,0.1553168811599999
南宁,来宾,0.0589081734
贵港,来宾,0.0353820700799999
桂林,来宾,0.024641084520000002
河池,来宾,0.01657605384
玉林,来宾,0.00654122304
梧州,来宾,0.00498024936
文山壮族苗族自治州,来宾,0.00360510588
百色,来宾,0.0035307738
钦州,来宾,0.00301044924
贺州,来宾,0.00208129824
崇左,来宾,0.00200696616
北海,来宾,0.0014866416000000001
黔南布依族苗族自治州,来宾,0.0014866416000000001
黔西南布依族苗族自治州,来宾,0.00107781516
防城港,来宾,0.00096631704
黔东南苗族侗族自治州,来宾,0.00089198496
红河哈尼族彝族自治州,来宾,0.00018583020000000002
黔西南布依族苗族自治州,安顺,0.06917048784
黔南布依族苗族自治州,安顺,0.05869205892000001
黔东南苗族侗族自治州,安顺,0.00623562948
大理白族自治州,安顺,0.0015428361600000001
红河哈尼族彝族自治州,安顺,0.00083570292
百色,安顺,0.0006428483999999
楚雄彝族自治州,安顺,0.0006428483999999
文山壮族苗族自治州,安顺,0.00057856356
桂林,安顺,0.00051427872
玉林,安顺,0.00038570904000000003
湘西土家族苗族自治州,安顺,0.00038570904000000003
西双版纳傣族自治州,安顺,0.00038570904000000003
凉山彝族自治州,安顺,0.00032142419999999996
南宁,安顺,0.00032142419999999996
贺州,安顺,0.00025713936
河池,安顺,0.00019285452000000002
日喀则,阿里地区,0.00158739264
拉萨,阿里地区,0.0010364695199999
那曲,阿里地区,0.00035632224
山南,阿里地区,0.00019421856
喀什地区,阿里地区,0.00012922416
阿拉善盟,阿里地区,3.2114880000000005e-05
黔南布依族苗族自治州,阿里地区,3.2114880000000005e-05
和田地区,阿里地区,3.2114880000000005e-05
银川,安阳,0.0002173068
海西蒙古族藏族自治州,玉树藏族自治州,0.00456787836
甘孜藏族自治州,玉树藏族自治州,0.0031098200399999995
昌都,玉树藏族自治州,0.00271889136
那曲,玉树藏族自治州,0.0005811102
海南藏族自治州,玉树藏族自治州,0.00051771636
黄南藏族自治州,玉树藏族自治州,0.00048249755999999996
拉萨,玉树藏族自治州,0.0003874068
临夏回族自治州,玉树藏族自治州,0.00028879416
果洛藏族自治州,玉树藏族自治州,0.00022540032000000003
吴忠,玉树藏族自治州,0.00012678768
海北藏族自治州,玉树藏族自治州,0.00012678768
山南,玉树藏族自治州,6.339384e-05
中卫,玉树藏族自治州,6.339384e-05
林芝,玉树藏族自治州,3.169692e-05
银川,玉树藏族自治州,3.169692e-05
阿拉善盟,玉树藏族自治州,3.169692e-05
南宁,泰安,0.0028696550399999
黔南布依族苗族自治州,泰安,0.00133233984
鄂尔多斯,泰安,0.00129817728
柳州,泰安,0.00112736448
黔东南苗族侗族自治州,泰安,0.00105903936
桂林,泰安,0.00099071424
甘南藏族自治州,陇南,0.0173280383999999
临夏回族自治州,陇南,0.0012635027999999
阿坝藏族羌族自治州,陇南,0.0012635027999999
乌鲁木齐,陇南,0.00050540112
固原,陇南,0.0004693010399999
凉山彝族自治州,陇南,0.00025270056
海西蒙古族藏族自治州,陇南,0.00025270056
银川,陇南,0.00021660047999999999
吴忠,陇南,0.0001444003199999
巴彦淖尔,陇南,0.0001444003199999
巴音郭楞蒙古自治州,陇南,0.0001444003199999
德宏傣族景颇族自治州,陇南,0.00012635028
玉林,赣州,0.00209920896
桂林,赣州,0.00203360868
湘西土家族苗族自治州,赣州,0.0019680084
黔南布依族苗族自治州,赣州,0.0019680084
黔东南苗族侗族自治州,赣州,0.0018368078399999
河池,赣州,0.0011152047599999
梧州,赣州,0.00104960448
贺州,赣州,0.00104960448
呼和浩特,乌兰察布,0.15120717768
包头,乌兰察布,0.02917687392
锡林郭勒盟,乌兰察布,0.01747983888
鄂尔多斯,乌兰察布,0.01274845392
赤峰,乌兰察布,0.00538852176
巴彦淖尔,乌兰察布,0.0028256882399999997
通辽,乌兰察布,0.00157712832
乌海,乌兰察布,0.0012814167599999
兴安盟,乌兰察布,0.00075570732
阿拉善盟,乌兰察布,0.00042713892
呼伦贝尔,乌兰察布,0.0003285684
石嘴山,乌兰察布,6.571368e-05
银川,乌兰察布,6.571368e-05
湘西土家族苗族自治州,韶关,0.0011924787599999
玉林,韶关,0.00115634304
南宁,韶关,0.00115634304
河池,韶关,0.00104793588
贵港,韶关,0.00104793588
黔东南苗族侗族自治州,韶关,0.00083112156
桂林,韶关,0.00061430724
钦州,韶关,0.00057817152
梧州,韶关,0.00050590008
文山壮族苗族自治州,韶关,0.0003613572
贺州,韶关,0.00032522148
黔南布依族苗族自治州,韶关,0.00032522148
百色,韶关,0.00028908576
柳州,韶关,0.00028908576
鄂尔多斯,朔州,0.0127958810399999
呼和浩特,朔州,0.0061442776799999
乌兰察布,朔州,0.004988702520000001
包头,朔州,0.0014656075199999
巴彦淖尔,朔州,0.00031003236
赤峰,朔州,0.00031003236
锡林郭勒盟,朔州,0.00025366284
玉林,朔州,8.455428e-05
呼伦贝尔,绥化,0.0005470416
兴安盟,绥化,0.00037989
赤峰,绥化,0.0002887164
通辽,绥化,0.0002127384
鄂尔多斯,绥化,0.000151956
乐东黎族自治县,绥化,0.0001215647999999
陵水黎族自治县,绥化,6.0782399999999996e-05
来宾,绥化,6.0782399999999996e-05
巴彦淖尔,绥化,6.0782399999999996e-05
玉林,绥化,6.0782399999999996e-05
乌兰察布,绥化,6.0782399999999996e-05
锡林郭勒盟,绥化,6.0782399999999996e-05
南宁,绥化,3.0391199999999998e-05
百色,绥化,3.0391199999999998e-05
延边朝鲜族自治州,绥化,3.0391199999999998e-05
钦州,绥化,3.0391199999999998e-05
阿拉善盟,金昌,0.0023640011999999998
临夏回族自治州,金昌,0.0007098516
中卫,金昌,0.0006772896000000001
银川,金昌,0.0006447276
海西蒙古族藏族自治州,金昌,0.0005144796
哈密,金昌,0.0002865456
昌吉回族自治州,金昌,0.0002865456
石嘴山,金昌,0.0001888596
乌海,金昌,0.0001562976
巴彦淖尔,金昌,9.117360000000003e-05
南宁,金昌,9.117360000000003e-05
乌鲁木齐,金昌,5.86116e-05
吐鲁番,金昌,5.86116e-05
克孜勒苏柯尔克孜自治州,金昌,5.86116e-05
阿克苏地区,金昌,5.86116e-05
甘南藏族自治州,金昌,5.86116e-05
北海,金昌,2.60496e-05
海北藏族自治州,金昌,2.60496e-05
伊犁哈萨克自治州,金昌,2.60496e-05
防城港,金昌,2.60496e-05
赤峰,秦皇岛,0.0017428640399999
通辽,秦皇岛,0.0010543251599999
鄂尔多斯,秦皇岛,0.0010328083199999999
兴安盟,秦皇岛,0.0006670220399999
呼伦贝尔,秦皇岛,0.0004518536399999
延边朝鲜族自治州,秦皇岛,0.00038730312000000004
呼和浩特,秦皇岛,0.00027971892000000004
乌兰察布,秦皇岛,0.00027971892000000004
湘西土家族苗族自治州,长沙,0.0647140428
黔东南苗族侗族自治州,长沙,0.006229159200000001
黔南布依族苗族自治州,长沙,0.005190966
桂林,长沙,0.0048449016
南宁,长沙,0.0031145796000000003
黔西南布依族苗族自治州,长沙,0.001730322
柳州,长沙,0.001730322
通辽,潍坊,0.00145695024
赤峰,潍坊,0.0012141252
鄂尔多斯,潍坊,0.0008903584800000001
塔城地区,石河子,0.0148062751199999
昌吉回族自治州,石河子,0.00408076704
乌鲁木齐,石河子,0.0012954816
克拉玛依,石河子,0.0003238704
伊犁哈萨克自治州,石河子,0.0001295481599999
巴音郭楞蒙古自治州,石河子,0.0001295481599999
吐鲁番,石河子,6.477407999999999e-05
固原,石河子,6.477407999999999e-05
海北藏族自治州,石河子,3.238704e-05
阿克苏地区,石河子,3.238704e-05
阿勒泰地区,石河子,3.238704e-05
五家渠,石河子,3.238704e-05
临夏回族自治州,石河子,3.238704e-05
中卫,石河子,3.238704e-05
博尔塔拉蒙古自治州,石河子,3.238704e-05
海西蒙古族藏族自治州,石河子,3.238704e-05
湘西土家族苗族自治州,南昌,0.00329588352
临夏回族自治州,南昌,0.00164794176
黔东南苗族侗族自治州,南昌,0.0015449454000000002
黔南布依族苗族自治州,南昌,0.0013389526800000001
桂林,南昌,0.0012359563199999
南宁,南昌,0.0010299636
黔东南苗族侗族自治州,盐城,0.00082375056
固原,平凉,0.019493472959999997
银川,平凉,0.00453462624
吴忠,平凉,0.0010297756800000002
中卫,平凉,0.0008671795199999
临夏回族自治州,平凉,0.0008671795199999
鄂尔多斯,平凉,0.0006142521599999
乌鲁木齐,平凉,0.00037939104
石嘴山,平凉,0.00028905984
呼和浩特,平凉,0.0002167948799999
昌吉回族自治州,平凉,0.00014452992
乌海,平凉,0.00012646368
阿拉善盟,平凉,0.00012646368
巴彦淖尔,平凉,0.00012646368
石河子,平凉,9.033120000000001e-05
拉萨,平凉,9.033120000000001e-05
黔东南苗族侗族自治州,温州,0.0468322333199999
湘西土家族苗族自治州,温州,0.029462531760000004
黔南布依族苗族自治州,温州,0.014951135519999999
黔西南布依族苗族自治州,温州,0.01275243912
桂林,温州,0.00483713208
通辽,济南,0.0009077508
南宁,济南,0.0007564589999999
南宁,铜陵,0.00014272524
湘西土家族苗族自治州,铜陵,0.0001223359199999
桂林,铜陵,8.155728e-05
红河哈尼族彝族自治州,玉溪,0.08354960784
楚雄彝族自治州,玉溪,0.028438464960000003
西双版纳傣族自治州,玉溪,0.0061802546400000005
大理白族自治州,玉溪,0.00608731848
文山壮族苗族自治州,玉溪,0.0056691057599999
黔西南布依族苗族自治州,玉溪,0.0008364254400000001
德宏傣族景颇族自治州,玉溪,0.0008364254400000001
凉山彝族自治州,玉溪,0.00074348928
迪庆藏族自治州,玉溪,0.00055761696
南宁,玉溪,0.00051114888
百色,玉溪,0.00041821272000000005
玉林,玉溪,0.00027880848
来宾,玉溪,0.00023234040000000002
黔南布依族苗族自治州,玉溪,0.00023234040000000002
怒江傈僳族自治州,玉溪,0.00023234040000000002
桂林,玉溪,0.00018587232
黔东南苗族侗族自治州,玉溪,0.00013940424
阿克苏地区,阿拉尔,0.0081314603999999
和田地区,阿拉尔,0.00123070752
巴音郭楞蒙古自治州,阿拉尔,0.00025909632
喀什地区,阿拉尔,6.477407999999999e-05
桂林,阿拉尔,3.238704e-05
铁门关,阿拉尔,3.238704e-05
昌吉回族自治州,阿拉尔,3.238704e-05
乌鲁木齐,阿拉尔,3.238704e-05
恩施土家族苗族自治州,武汉,0.02452091616
北海,武汉,0.00019307808000000002
楚雄彝族自治州,武汉,0.0001608984
湘西土家族苗族自治州,武汉,0.00012871872
湘西土家族苗族自治州,衢州,0.005827869
黔西南布依族苗族自治州,衢州,0.0029742228
黔南布依族苗族自治州,衢州,0.0027330696
黔东南苗族侗族自治州,衢州,0.0024919164
文山壮族苗族自治州,衢州,0.0010449972
桂林,衢州,0.0006832674
通辽,赤峰,0.0441278442
锡林郭勒盟,赤峰,0.02074977
呼和浩特,赤峰,0.00879790248
兴安盟,赤峰,0.007054921800000001
乌兰察布,赤峰,0.00462028212
呼伦贝尔,赤峰,0.0042606194399999
包头,赤峰,0.00293263416
鄂尔多斯,赤峰,0.00215797608
巴彦淖尔,赤峰,0.0010513216800000001
延边朝鲜族自治州,赤峰,0.00033199632000000006
乌海,赤峰,0.00022133088
陵水黎族自治县,赤峰,0.00011066544
乐东黎族自治县,赤峰,0.00011066544
湘西土家族苗族自治州,岳阳,0.00226736496
黔东南苗族侗族自治州,岳阳,0.00113368248
桂林,岳阳,0.00113368248
南宁,岳阳,0.0008097732
柳州,岳阳,0.00070180344
河池,岳阳,0.00048586392
黔南布依族苗族自治州,岳阳,0.00037789416
玉林,岳阳,0.00037789416
银川,晋城,0.0002892672
哈密,晋城,0.0001265544
延边朝鲜族自治州,晋城,0.0001265544
桂林,晋城,0.0001265544
湘西土家族苗族自治州,晋城,0.0001265544
包头,晋城,0.0001265544
呼和浩特,晋城,9.0396e-05
恩施土家族苗族自治州,重庆,0.03699601128
湘西土家族苗族自治州,重庆,0.02369407464
凉山彝族自治州,重庆,0.00789802488
黔南布依族苗族自治州,重庆,0.006650968320000001
黔东南苗族侗族自治州,重庆,0.00581959728
北海,重庆,0.00394901244
红河哈尼族彝族自治州,重庆,0.00374116968
黔西南布依族苗族自治州,重庆,0.00374116968
南宁,重庆,0.0033254841600000003
桂林,重庆,0.00290979864
湘西土家族苗族自治州,池州,0.0013551040799999999
黔东南苗族侗族自治州,池州,0.00028744632000000003
黔南布依族苗族自治州,池州,0.00024638256
鄂尔多斯,石家庄,0.00277657632
赤峰,石家庄,0.00168577848
呼和浩特,石家庄,0.0014874516
北海,石家庄,0.00138828816
南宁,石家庄,0.0008924709599999999
乌兰察布,石家庄,0.0007933075200000001
包头,石家庄,0.0007933075200000001
鄂尔多斯,邢台,0.0006299532
赤峰,邢台,0.00041996879999999995
石嘴山,邢台,0.00025198128
包头,邢台,0.00020998439999999997
呼和浩特,邢台,0.00020998439999999997
乌兰察布,邢台,0.00016798752
巴彦淖尔,邢台,0.00016798752
锡林郭勒盟,邢台,0.00012599064
银川,邢台,0.00012599064
固原,宝鸡,0.0007725488400000001
银川,宝鸡,0.00043665804000000004
中卫,宝鸡,0.00036947988
吴忠,宝鸡,0.00033589080000000004
临夏回族自治州,宝鸡,0.00030230172000000004
乌鲁木齐,宝鸡,0.00020153448
赤峰,廊坊,0.0063845496
通辽,廊坊,0.0016698052800000003
鄂尔多斯,廊坊,0.00108046224
兴安盟,廊坊,0.0009822384
呼和浩特,廊坊,0.00088401456
包头,廊坊,0.00088401456
乐东黎族自治县,东方,0.02121852672
昌江黎族自治县,东方,0.0143474911199999
白沙黎族自治县,东方,0.0013549874399999
陵水黎族自治县,东方,0.00099942336
河池,东方,0.0006150297599999
玉林,东方,0.0005765903999999
琼中黎族苗族自治县,东方,0.00041322312000000006
南宁,东方,0.00031712472
保亭黎族苗族自治县,东方,0.0002882951999999
文山壮族苗族自治州,东方,0.0002882951999999
百色,东方,0.0002882951999999
钦州,东方,0.00012492792
北海,东方,0.00012492792
黔西南布依族苗族自治州,东方,9.60984e-05
黔南布依族苗族自治州,东方,5.765903999999999e-05
呼和浩特,东方,5.765903999999999e-05
延边朝鲜族自治州,东方,2.882952e-05
梧州,东方,2.882952e-05
崇左,东方,2.882952e-05
阿拉善盟,东方,2.882952e-05
鄂尔多斯,阳泉,0.0006009487200000001
呼和浩特,阳泉,0.00018977328
乌兰察布,阳泉,0.0001265155199999
赤峰,阳泉,0.0001265155199999
柳州,桂林,0.0581399856
南宁,桂林,0.0397966932
贺州,桂林,0.0342111923999999
来宾,桂林,0.022468946400000002
梧州,桂林,0.01904148
文山壮族苗族自治州,桂林,0.015233183999999999
贵港,桂林,0.0113614164
玉林,桂林,0.0110440584
河池,桂林,0.0109171152
黔东南苗族侗族自治州,桂林,0.0105362856
黔南布依族苗族自治州,桂林,0.0069184044
百色,桂林,0.0055220292
黔西南布依族苗族自治州,桂林,0.0043795404
钦州,桂林,0.0039352392
北海,桂林,0.0026658071999999
崇左,桂林,0.0026023356
防城港,桂林,0.0010790172000000001
红河哈尼族彝族自治州,桂林,0.0010155455999999
湘西土家族苗族自治州,桂林,0.0008886024000000001
中卫,固原,0.028153208880000002
银川,固原,0.02630028528
吴忠,固原,0.007703670240000001
石嘴山,固原,0.0025267139999999998
鄂尔多斯,固原,0.0009657662400000001
乌鲁木齐,固原,0.00031443552000000004
乌海,固原,0.00019090728
阿拉善盟,固原,0.00015721776000000002
海西蒙古族藏族自治州,固原,8.983872e-05
巴彦淖尔,固原,8.983872e-05
包头,固原,8.983872e-05
呼和浩特,固原,5.61492e-05
伊犁哈萨克自治州,固原,5.61492e-05
巴音郭楞蒙古自治州,固原,2.245968e-05
哈密,固原,2.245968e-05
桂林,郴州,0.0022156059600000003
湘西土家族苗族自治州,郴州,0.00167142204
黔西南布依族苗族自治州,郴州,0.0011661083999999
黔东南苗族侗族自治州,郴州,0.0011272381199999
南宁,郴州,0.00101062728
黔南布依族苗族自治州,郴州,0.000971757
贺州,郴州,0.000971757
梧州,郴州,0.00054418392
柳州,郴州,0.00046644335999999995
河池,郴州,0.0003887028
文山壮族苗族自治州,郴州,0.00023322167999999998
来宾,郴州,0.0001943514
大理白族自治州,楚雄彝族自治州,0.033530112
红河哈尼族彝族自治州,楚雄彝族自治州,0.009355500000000001
凉山彝族自治州,楚雄彝族自治州,0.0065114280000000005
文山壮族苗族自治州,楚雄彝族自治州,0.003854466
德宏傣族景颇族自治州,楚雄彝族自治州,0.001571724
怒江傈僳族自治州,楚雄彝族自治州,0.00093555
西双版纳傣族自治州,楚雄彝族自治州,0.000785862
迪庆藏族自治州,楚雄彝族自治州,0.000711018
银川,楚雄彝族自治州,0.000523908
黔西南布依族苗族自治州,楚雄彝族自治州,0.000449064
百色,楚雄彝族自治州,0.000224532
南宁,楚雄彝族自治州,0.000224532
黔东南苗族侗族自治州,楚雄彝族自治州,0.000224532
玉林,楚雄彝族自治州,0.00018711
贵港,楚雄彝族自治州,0.00018711
黔南布依族苗族自治州,楚雄彝族自治州,0.00018711
防城港,楚雄彝族自治州,0.0001496879999999
桂林,楚雄彝族自治州,0.0001496879999999
拉萨,楚雄彝族自治州,7.484399999999999e-05
湘西土家族苗族自治州,黄山,0.0003811212
黔南布依族苗族自治州,黄山,0.0001905606
赤峰,盘锦,0.00165800196
通辽,盘锦,0.0013046572799999
呼伦贝尔,盘锦,0.00046206612
兴安盟,盘锦,0.00013590180000000001
鄂尔多斯,盘锦,0.00013590180000000001
南宁,盘锦,8.154107999999999e-05
锡林郭勒盟,盘锦,5.436071999999999e-05
通辽,松原,0.0076012343999999
兴安盟,松原,0.00134579232
呼伦贝尔,松原,0.0011214936
延边朝鲜族自治州,松原,0.0007975065600000001
赤峰,松原,0.0006978182400000001
鄂尔多斯,松原,0.00012461040000000002
陵水黎族自治县,松原,7.476624e-05
钦州,松原,4.9844160000000004e-05
巴彦淖尔,松原,4.9844160000000004e-05
包头,松原,4.9844160000000004e-05
锡林郭勒盟,松原,4.9844160000000004e-05
红河哈尼族彝族自治州,西双版纳傣族自治州,0.0088635708
大理白族自治州,西双版纳傣族自治州,0.00403382916
文山壮族苗族自治州,西双版纳傣族自治州,0.0021344925600000004
楚雄彝族自治州,西双版纳傣族自治州,0.00132049116
南宁,西双版纳傣族自治州,0.00066929004
黔西南布依族苗族自治州,西双版纳傣族自治州,0.00061502328
玉林,西双版纳傣族自治州,0.00028942272
德宏傣族景颇族自治州,西双版纳傣族自治州,0.00028942272
黔南布依族苗族自治州,西双版纳傣族自治州,0.00028942272
黔东南苗族侗族自治州,西双版纳傣族自治州,0.0002532448799999
桂林,西双版纳傣族自治州,0.00014471136
凉山彝族自治州,西双版纳傣族自治州,0.0001266224399999
钦州,西双版纳傣族自治州,0.0001266224399999
赤峰,济源,0.00015649200000000002
乌兰察布,济源,0.0001251936
鄂尔多斯,济源,9.389520000000001e-05
锡林郭勒盟,济源,6.259680000000001e-05
德宏傣族景颇族自治州,济源,3.1298400000000005e-05
柳州,济源,3.1298400000000005e-05
凉山彝族自治州,汉中,0.0007644326400000002
临夏回族自治州,汉中,0.0004777704
固原,汉中,0.00040610483999999996
鄂尔多斯,汉中,0.00040610483999999996
阿坝藏族羌族自治州,汉中,0.0003822163200000001
银川,汉中,0.0003822163200000001
包头,巴彦淖尔,0.06183900288
鄂尔多斯,巴彦淖尔,0.03160700352
呼和浩特,巴彦淖尔,0.02073361536
乌海,巴彦淖尔,0.014473728
阿拉善盟,巴彦淖尔,0.00591613632
乌兰察布,巴彦淖尔,0.00381744576
银川,巴彦淖尔,0.00231579648
石嘴山,巴彦淖尔,0.0016102022400000002
赤峰,巴彦淖尔,0.00128454336
锡林郭勒盟,巴彦淖尔,0.0011217139199999
吴忠,巴彦淖尔,0.00092270016
通辽,巴彦淖尔,0.00074177856
固原,巴彦淖尔,0.00047039615999999994
兴安盟,巴彦淖尔,0.00030756672
陵水黎族自治县,巴彦淖尔,0.00021710592
海西蒙古族藏族自治州,巴彦淖尔,0.00014473728
中卫,巴彦淖尔,0.00014473728
呼伦贝尔,巴彦淖尔,0.00012664512
阿克苏地区,巴彦淖尔,9.04608e-05
乐东黎族自治县,佳木斯,0.0001922616
延边朝鲜族自治州,佳木斯,0.0001922616
呼伦贝尔,佳木斯,8.972208000000001e-05
通辽,佳木斯,8.972208000000001e-05
兴安盟,佳木斯,8.972208000000001e-05
南宁,佳木斯,6.40872e-05
鄂尔多斯,佳木斯,6.40872e-05
巴彦淖尔,佳木斯,2.563488e-05
保亭黎族苗族自治县,佳木斯,2.563488e-05
陵水黎族自治县,佳木斯,2.563488e-05
兴安盟,七台河,0.00012832344
延边朝鲜族自治州,七台河,0.00012832344
保亭黎族苗族自治县,七台河,3.161592e-05
呼伦贝尔,七台河,3.161592e-05
博尔塔拉蒙古自治州,七台河,3.161592e-05
乐东黎族自治县,七台河,3.161592e-05
鄂尔多斯,晋中,0.0008830684800000001
阿拉善盟,晋中,0.0005676868799999
乌兰察布,晋中,0.00050461056
包头,晋中,0.00037845792
石嘴山,晋中,0.0003153816
延边朝鲜族自治州,晋中,0.00025230528
呼和浩特,晋中,0.00025230528
通辽,晋中,0.00025230528
湘西土家族苗族自治州,宁波,0.0527465228399999
黔南布依族苗族自治州,宁波,0.0319543250399999
黔东南苗族侗族自治州,宁波,0.01269418392
黔西南布依族苗族自治州,宁波,0.0074414181599999
桂林,宁波,0.0041584395599999
通辽,抚顺,0.0006471576
延边朝鲜族自治州,抚顺,0.00045301031999999997
赤峰,抚顺,0.00025886304
兴安盟,抚顺,0.0001294315199999
呼和浩特,抚顺,8.628768e-05
锡林郭勒盟,抚顺,6.471575999999999e-05
包头,抚顺,6.471575999999999e-05
红河哈尼族彝族自治州,抚顺,2.157192e-05
兴安盟,呼伦贝尔,0.00767741652
赤峰,呼伦贝尔,0.00401450256
呼和浩特,呼伦贝尔,0.00333689544
通辽,呼伦贝尔,0.0028127088
锡林郭勒盟,呼伦贝尔,0.00064564452
包头,呼伦贝尔,0.0005177941200000001
鄂尔多斯,呼伦贝尔,0.0001917756
乌兰察布,呼伦贝尔,0.000159813
巴彦淖尔,呼伦贝尔,0.00012785040000000002
乐东黎族自治县,呼伦贝尔,0.00012785040000000002
保亭黎族苗族自治县,呼伦贝尔,9.58878e-05
阿拉善盟,呼伦贝尔,6.392520000000001e-05
固原,呼伦贝尔,6.392520000000001e-05
凉山彝族自治州,呼伦贝尔,6.392520000000001e-05
白沙黎族自治县,呼伦贝尔,3.1962600000000005e-05
红河哈尼族彝族自治州,呼伦贝尔,3.1962600000000005e-05
银川,吴忠,0.12589970292000002
中卫,吴忠,0.02951087256
固原,吴忠,0.00798974604
鄂尔多斯,吴忠,0.00627606792
石嘴山,吴忠,0.00327156732
阿拉善盟,吴忠,0.00102375576
巴彦淖尔,吴忠,0.0010015002
乌海,吴忠,0.0008902224
海西蒙古族藏族自治州,吴忠,0.00037834452000000006
包头,吴忠,0.00037834452000000006
呼和浩特,吴忠,0.00015578892
临夏回族自治州,吴忠,0.0001112778
乌兰察布,吴忠,0.0001112778
乌鲁木齐,吴忠,8.902224e-05
黔西南布依族苗族自治州,吴忠,8.902224e-05
昌吉回族自治州,吴忠,4.451112e-05
锡林郭勒盟,吴忠,4.451112e-05
大理白族自治州,怒江傈僳族自治州,0.03362871168
迪庆藏族自治州,怒江傈僳族自治州,0.00342609588
楚雄彝族自治州,怒江傈僳族自治州,0.0011961432
德宏傣族景颇族自治州,怒江傈僳族自治州,0.0009056512800000001
红河哈尼族彝族自治州,怒江傈僳族自治州,0.000640791
文山壮族苗族自治州,怒江傈僳族自治州,0.00029049192000000004
黔西南布依族苗族自治州,怒江傈僳族自治州,0.0001281582
桂林,怒江傈僳族自治州,9.398268000000004e-05
西双版纳傣族自治州,怒江傈僳族自治州,9.398268000000004e-05
百色,怒江傈僳族自治州,5.980716000000002e-05
玉林,怒江傈僳族自治州,5.980716000000002e-05
南宁,怒江傈僳族自治州,5.980716000000002e-05
林芝,怒江傈僳族自治州,5.980716000000002e-05
梧州,怒江傈僳族自治州,2.563164000000001e-05
黔南布依族苗族自治州,怒江傈僳族自治州,2.563164000000001e-05
黔东南苗族侗族自治州,怒江傈僳族自治州,2.563164000000001e-05
凉山彝族自治州,怒江傈僳族自治州,2.563164000000001e-05
南宁,钦州,0.10192866336
北海,钦州,0.053519454
防城港,钦州,0.03635870004
玉林,钦州,0.0307305252
贵港,钦州,0.009184628879999998
百色,钦州,0.007734424320000001
崇左,钦州,0.00531741672
柳州,钦州,0.004834015200000001
河池,钦州,0.004626843120000001
桂林,钦州,0.00369456876
来宾,钦州,0.00321116724
梧州,钦州,0.00314210988
文山壮族苗族自治州,钦州,0.0016228479599999
黔西南布依族苗族自治州,钦州,0.00082868832
黔东南苗族侗族自治州,钦州,0.0007596309599999999
红河哈尼族彝族自治州,钦州,0.00065604492
黔南布依族苗族自治州,钦州,0.00065604492
贺州,钦州,0.0005869875599999
乌鲁木齐,钦州,0.0003452868
银川,钦州,0.00020717208
乐东黎族自治县,钦州,0.0001726434
临夏回族自治州,甘南藏族自治州,0.014670554760000001
阿坝藏族羌族自治州,甘南藏族自治州,0.004174487279999999
黄南藏族自治州,甘南藏族自治州,0.002618406
果洛藏族自治州,甘南藏族自治州,0.00035161452
固原,甘南藏族自治州,0.00012717972
海南藏族自治州,甘南藏族自治州,5.984928000000002e-05
日喀则,甘南藏族自治州,5.984928000000002e-05
拉萨,甘南藏族自治州,5.984928000000002e-05
银川,甘南藏族自治州,5.984928000000002e-05
北海,甘南藏族自治州,5.984928000000002e-05
山南,甘南藏族自治州,2.992464000000001e-05
吴忠,甘南藏族自治州,2.992464000000001e-05
那曲,甘南藏族自治州,2.992464000000001e-05
石嘴山,甘南藏族自治州,2.992464000000001e-05
通辽,甘南藏族自治州,2.992464000000001e-05
乌鲁木齐,甘南藏族自治州,2.992464000000001e-05
呼伦贝尔,甘南藏族自治州,2.992464000000001e-05
玉树藏族自治州,甘南藏族自治州,2.992464000000001e-05
凉山彝族自治州,雅安,0.023270729759999997
甘孜藏族自治州,雅安,0.0125166384
桂林,雅安,0.00388271232
百色,雅安,0.00206907696
柳州,雅安,0.00171145872
贵港,雅安,0.0015326495999999
河池,雅安,0.0014049288
玉林,雅安,0.00099622224
来宾,雅安,0.00068969232
昌吉回族自治州,雅安,0.00061305984
钦州,雅安,0.00061305984
阿克苏地区,雅安,0.0005108832
喀什地区,雅安,0.00040870656000000004
阿坝藏族羌族自治州,雅安,0.00028098576000000003
吐鲁番,雅安,0.00028098576000000003
楚雄彝族自治州,雅安,0.0002554416
南宁,雅安,0.00020435328000000002
昌江黎族自治县,雅安,0.00017880912
巴音郭楞蒙古自治州,雅安,0.00015326496
白沙黎族自治县,雅安,0.00015326496
大理白族自治州,雅安,0.00015326496
北海,雅安,0.00015326496
黔西南布依族苗族自治州,雅安,0.0001277208
琼中黎族苗族自治县,雅安,0.0001277208
乐东黎族自治县,雅安,0.0001277208
和田地区,雅安,0.0001277208
呼伦贝尔,伊春,9.707688e-05
兴安盟,伊春,3.144744e-05
延边朝鲜族自治州,伊春,3.144744e-05
乐东黎族自治县,伊春,3.144744e-05
凉山彝族自治州,广安,0.00131338584
黔南布依族苗族自治州,广安,0.00060617808
黔西南布依族苗族自治州,广安,0.00053882496
红河哈尼族彝族自治州,广安,0.0005051484
文山壮族苗族自治州,广安,0.0004377952799999
黔东南苗族侗族自治州,广安,0.00037044216
桂林,广安,0.00037044216
拉萨,广安,0.0001683828
大理白族自治州,广安,0.0001683828
北海,广安,0.0001683828
阿坝藏族羌族自治州,广安,0.0001683828
南宁,广安,0.00013470624
玉林,广安,0.00013470624
楚雄彝族自治州,广安,0.00010102968
防城港,广安,0.00010102968
柳州,广安,0.00010102968
河池,广安,0.00010102968
来宾,广安,0.00010102968
陵水黎族自治县,保亭黎族苗族自治县,0.0068339375999999
乐东黎族自治县,保亭黎族苗族自治县,0.00164942568
琼中黎族苗族自治县,保亭黎族苗族自治县,0.00077620032
白沙黎族自治县,保亭黎族苗族自治县,0.00035435232
崇左,保亭黎族苗族自治县,0.0002235794399999
玉林,保亭黎族苗族自治县,0.00019405008
南宁,保亭黎族苗族自治县,0.0001265544
银川,保亭黎族苗族自治县,6.32772e-05
桂林,保亭黎族苗族自治县,6.32772e-05
楚雄彝族自治州,保亭黎族苗族自治县,6.32772e-05
昌江黎族自治县,保亭黎族苗族自治县,2.9529360000000013e-05
柳州,保亭黎族苗族自治县,2.9529360000000013e-05
黔东南苗族侗族自治州,抚州,0.0031943419199999996
湘西土家族苗族自治州,抚州,0.00286502832
黔南布依族苗族自治州,抚州,0.0024698520000000002
桂林,抚州,0.00237105792
柳州,抚州,0.0007244899199999
来宾,抚州,0.0007244899199999
河池,抚州,0.00059276448
南宁,抚州,0.0005598331200000001
贵港,佛山,0.2130287039999999
梧州,佛山,0.11400782400000001
玉林,佛山,0.10972584
南宁,佛山,0.079216704
贺州,佛山,0.070652736
百色,佛山,0.067976496
钦州,佛山,0.066906
桂林,佛山,0.05084856
河池,佛山,0.050313312
文山壮族苗族自治州,佛山,0.031044383999999998
来宾,佛山,0.025156656
崇左,佛山,0.020339424
柳州,佛山,0.01873368
黔东南苗族侗族自治州,佛山,0.018198432
湘西土家族苗族自治州,佛山,0.017663184
黔西南布依族苗族自治州,佛山,0.015522191999999999
北海,佛山,0.008563968
黔南布依族苗族自治州,佛山,0.007493471999999999
防城港,佛山,0.0037467359999999996
红河哈尼族彝族自治州,佛山,0.0032114879999999998
凉山彝族自治州,佛山,0.00267624
黔东南苗族侗族自治州,吉安,0.0059171990399999996
黔南布依族苗族自治州,吉安,0.0031306111199999997
文山壮族苗族自治州,吉安,0.0024081624
桂林,吉安,0.0020641392
湘西土家族苗族自治州,吉安,0.0016513113599999
河池,吉安,0.0014792997599999999
黔西南布依族苗族自治州,吉安,0.0013416904799999
南宁,吉安,0.0010664719199999
柳州,吉安,0.0007568510400000001
玉林,吉安,0.0007568510400000001
来宾,吉安,0.0006192417599999
红河哈尼族彝族自治州,吉安,0.00048163248
大理白族自治州,德宏傣族景颇族自治州,0.0119698236
楚雄彝族自治州,德宏傣族景颇族自治州,0.0013524084
文山壮族苗族自治州,德宏傣族景颇族自治州,0.0007670375999999
红河哈尼族彝族自治州,德宏傣族景颇族自治州,0.0007064819999999
怒江傈僳族自治州,德宏傣族景颇族自治州,0.0006459264
玉林,德宏傣族景颇族自治州,0.00050463
黔南布依族苗族自治州,德宏傣族景颇族自治州,0.0004440744
西双版纳傣族自治州,德宏傣族景颇族自治州,0.0004440744
迪庆藏族自治州,德宏傣族景颇族自治州,0.0001614816
凉山彝族自治州,德宏傣族景颇族自治州,0.0001614816
黔西南布依族苗族自治州,德宏傣族景颇族自治州,0.00012111120000000001
贺州,德宏傣族景颇族自治州,0.00012111120000000001
贵港,德宏傣族景颇族自治州,0.00012111120000000001
贵港,梧州,0.0518851396799999
贺州,梧州,0.04496969664
玉林,梧州,0.0349635528
南宁,梧州,0.03249099216
桂林,梧州,0.01846693728
柳州,梧州,0.0078040195199999
来宾,梧州,0.0066450067199999
百色,梧州,0.0057950639999999
河池,梧州,0.0056018951999999
文山壮族苗族自治州,梧州,0.0054473601599999
崇左,梧州,0.0035929396799999997
钦州,梧州,0.0034770384
北海,梧州,0.0025884619199999996
黔西南布依族苗族自治州,梧州,0.0025111944
防城港,梧州,0.00189305424
黔南布依族苗族自治州,梧州,0.0011590128
黔东南苗族侗族自治州,梧州,0.00084994272
红河哈尼族彝族自治州,梧州,0.0005795064
赤峰,日照,0.00030785184
包头,日照,0.00026937036
通辽,日照,0.00015392592
黔东南苗族侗族自治州,龙岩,0.0014221267199999998
湘西土家族苗族自治州,龙岩,0.0008380389599999999
黔南布依族苗族自治州,龙岩,0.0005079024
贵港,龙岩,0.0005079024
黔西南布依族苗族自治州,龙岩,0.00043171704000000003
玉林,龙岩,0.00040632192
河池,龙岩,0.0003809268
乐东黎族自治县,天门,6.108048000000001e-05
柳州,天门,3.054024000000001e-05
桂林,天门,3.054024000000001e-05
黄南藏族自治州,海南藏族自治州,0.0090361656
海西蒙古族藏族自治州,海南藏族自治州,0.0053395524
果洛藏族自治州,海南藏族自治州,0.0029807611199999
海北藏族自治州,海南藏族自治州,0.00268737912
临夏回族自治州,海南藏族自治州,0.00109138104
玉树藏族自治州,海南藏族自治州,0.00066891096
吴忠,海南藏族自治州,0.00031685256
银川,海南藏族自治州,0.00018776448
甘南藏族自治州,海南藏族自治州,0.00015255864
中卫,海南藏族自治州,9.388224e-05
鄂尔多斯,海南藏族自治州,9.388224e-05
乌海,海南藏族自治州,9.388224e-05
乌兰察布,海南藏族自治州,5.867640000000001e-05
固原,海南藏族自治州,5.867640000000001e-05
昌吉回族自治州,海南藏族自治州,5.867640000000001e-05
包头,海南藏族自治州,2.347056000000001e-05
甘孜藏族自治州,海南藏族自治州,2.347056000000001e-05
保亭黎族苗族自治县,海南藏族自治州,2.347056000000001e-05
巴彦淖尔,海南藏族自治州,2.347056000000001e-05
赤峰,通辽,0.04418177400000001
兴安盟,通辽,0.020520864
呼和浩特,通辽,0.004710069
呼伦贝尔,通辽,0.0042235829999999
锡林郭勒盟,通辽,0.0041130179999999
包头,通辽,0.001061424
乌兰察布,通辽,0.001061424
鄂尔多斯,通辽,0.000574938
巴彦淖尔,通辽,0.00022113
延边朝鲜族自治州,通辽,0.000110565
银川,通辽,8.845200000000001e-05
甘南藏族自治州,临夏回族自治州,0.011577897
海西蒙古族藏族自治州,临夏回族自治州,0.00124310052
黄南藏族自治州,临夏回族自治州,0.0008531082000000001
拉萨,临夏回族自治州,0.000609363
乌鲁木齐,临夏回族自治州,0.00043874136
呼和浩特,临夏回族自治州,0.0003656178
银川,临夏回族自治州,0.00034124328
海南藏族自治州,临夏回族自治州,0.00034124328
乌兰察布,临夏回族自治州,0.00034124328
山南,临夏回族自治州,0.0002437452
昌吉回族自治州,临夏回族自治州,0.0002437452
吴忠,临夏回族自治州,0.0002437452
日喀则,临夏回族自治州,0.00021937068
那曲,临夏回族自治州,0.00014624712
阿坝藏族羌族自治州,临夏回族自治州,0.00014624712
中卫,临夏回族自治州,0.0001218726
北海,临夏回族自治州,0.0001218726
固原,临夏回族自治州,0.0001218726
楚雄彝族自治州,昆明,0.30891038688
红河哈尼族彝族自治州,昆明,0.23544999
大理白族自治州,昆明,0.14409539388
文山壮族苗族自治州,昆明,0.10328406228
凉山彝族自治州,昆明,0.03986953164
德宏傣族景颇族自治州,昆明,0.02323106568
西双版纳傣族自治州,昆明,0.021661399080000004
黔西南布依族苗族自治州,昆明,0.01475486604
怒江傈僳族自治州,昆明,0.01067373288
迪庆藏族自治州,昆明,0.0047089998
南宁,昆明,0.0047089998
玉林,昆明,0.00408113316
百色,昆明,0.00345326652
黔南布依族苗族自治州,昆明,0.00282539988
黔东南苗族侗族自治州,昆明,0.0025114665600000003
贵港,昆明,0.0025114665600000003
乐东黎族自治县,海口,0.03942782892
昌江黎族自治县,海口,0.020353599
陵水黎族自治县,海口,0.01895792364
琼中黎族苗族自治县,海口,0.013956753600000002
白沙黎族自治县,海口,0.01058387148
保亭黎族苗族自治县,海口,0.00500117004
南宁,海口,0.00395441352
玉林,海口,0.00325657584
桂林,海口,0.00151198164
河池,海口,0.00104675652
钦州,海口,0.00104675652
柳州,海口,0.00069783768
百色,海口,0.00069783768
北海,海口,0.00069783768
崇左,海口,0.00069783768
贵港,海口,0.0005815314
喀什地区,图木舒克,0.0034016111999999998
乌鲁木齐,图木舒克,0.00022660560000000002
阿克苏地区,图木舒克,0.0001293083999999
阿拉尔,图木舒克,6.44436e-05
昌吉回族自治州,图木舒克,3.2011199999999996e-05
和田地区,图木舒克,3.2011199999999996e-05
海南藏族自治州,图木舒克,3.2011199999999996e-05
呼伦贝尔,大兴安岭地区,0.0008744436
赤峰,锡林郭勒盟,0.0292892371199999
乌兰察布,锡林郭勒盟,0.01713659328
呼和浩特,锡林郭勒盟,0.0160669785599999
通辽,锡林郭勒盟,0.006542856
兴安盟,锡林郭勒盟,0.00314057088
包头,锡林郭勒盟,0.00281058336
鄂尔多斯,锡林郭勒盟,0.0012630556800000002
呼伦贝尔,锡林郭勒盟,0.00100134144
巴彦淖尔,锡林郭勒盟,0.00061445952
乌海,锡林郭勒盟,0.00025033536
阿拉善盟,锡林郭勒盟,0.00021619872000000004
保亭黎族苗族自治县,锡林郭勒盟,5.689440000000002e-05
湘西土家族苗族自治州,锡林郭勒盟,5.689440000000002e-05
伊犁哈萨克自治州,锡林郭勒盟,2.2757759999999998e-05
乌鲁木齐,锡林郭勒盟,2.2757759999999998e-05
湘西土家族苗族自治州,益阳,0.0026353998
桂林,益阳,0.00062291268
黔东南苗族侗族自治州,益阳,0.00052707996
黔南布依族苗族自治州,益阳,0.0004791636
南宁,益阳,0.00043124724
北海,益阳,0.00028749816000000003
来宾,益阳,0.00019166544
柳州,益阳,0.00014374908000000001
鄂尔多斯,焦作,0.00041243904
黔东南苗族侗族自治州,焦作,0.00031726080000000004
桂林,焦作,0.00028553472
呼和浩特,焦作,0.00028553472
阿拉善盟,焦作,0.0002538086399999
凉山彝族自治州,成都,0.08621964
阿坝藏族羌族自治州,成都,0.050138595
甘孜藏族自治州,成都,0.016400475
大理白族自治州,成都,0.00374868
桂林,成都,0.003280095
南宁,成都,0.003280095
黔西南布依族苗族自治州,成都,0.00281151
陵水黎族自治县,成都,0.002342925
北海,成都,0.002342925
西双版纳傣族自治州,成都,0.002342925
红河哈尼族彝族自治州,成都,0.002342925
赤峰,天津,0.01397323872
通辽,天津,0.00828645552
乌兰察布,天津,0.0048743856
鄂尔多斯,天津,0.0043869470399999
呼和浩特,天津,0.00308711088
呼伦贝尔,天津,0.0029246313599999
巴彦淖尔,天津,0.00276215184
包头,天津,0.00259967232
文山壮族苗族自治州,珠海,0.0105830874
玉林,珠海,0.008698428000000001
贵港,珠海,0.0069587424
梧州,珠海,0.006523821
南宁,珠海,0.0062338733999999
桂林,珠海,0.0056539782
百色,珠海,0.0047841353999999
河池,珠海,0.0047841353999999
贺州,珠海,0.0037693188
钦州,珠海,0.0037693188
来宾,珠海,0.0026095284
黔东南苗族侗族自治州,珠海,0.0020296332
柳州,珠海,0.0020296332
湘西土家族苗族自治州,珠海,0.0015947118
黔南布依族苗族自治州,珠海,0.0015947118
北海,珠海,0.001449738
黔西南布依族苗族自治州,珠海,0.0011597903999999
大理白族自治州,珠海,0.0010148166
红河哈尼族彝族自治州,珠海,0.0010148166
崇左,珠海,0.0010148166
通辽,阜新,0.02134584576
赤峰,阜新,0.00251506944
兴安盟,阜新,0.00048366720000000003
锡林郭勒盟,阜新,0.00045142272000000004
鄂尔多斯,阜新,0.00035468928
凉山彝族自治州,阜新,0.00012897792
呼伦贝尔,阜新,9.673344000000001e-05
呼和浩特,阜新,9.673344000000001e-05
延边朝鲜族自治州,阜新,6.448896e-05
乌兰察布,阜新,6.448896e-05
桂林,阜新,6.448896e-05
包头,阜新,6.448896e-05
北海,阜新,3.224448e-05
湘西土家族苗族自治州,上饶,0.007787644559999999
黔东南苗族侗族自治州,上饶,0.00418225356
黔南布依族苗族自治州,上饶,0.00331695972
黔西南布依族苗族自治州,上饶,0.00149022828
桂林,上饶,0.0009614376
文山壮族苗族自治州,上饶,0.0009614376
南宁,上饶,0.00052879068
河池,上饶,0.0004807188
恩施土家族苗族自治州,咸宁,0.0006127487999999
黔东南苗族侗族自治州,咸宁,0.000351054
黔南布依族苗族自治州,咸宁,0.00031914
桂林,咸宁,0.00015957
河池,咸宁,0.000127656
湘西土家族苗族自治州,咸宁,9.5742e-05
西双版纳傣族自治州,咸宁,6.3828e-05
南宁,咸宁,3.1914e-05
黔西南布依族苗族自治州,咸宁,3.1914e-05
黔东南苗族侗族自治州,福州,0.0033394291199999
黔南布依族苗族自治州,福州,0.0031239820799999997
桂林,福州,0.0026930879999999997
湘西土家族苗族自治州,福州,0.00247764096
玉林,福州,0.00247764096
南宁,福州,0.0016158527999999
柳州,福州,0.0010772352
楚雄彝族自治州,福州,0.0009695116799999
延边朝鲜族自治州,吉林,0.01198330848
通辽,吉林,0.00105590628
赤峰,吉林,0.0003683394
鄂尔多斯,吉林,0.00034378344
兴安盟,吉林,0.00031922748
桂林,吉林,0.00031922748
呼伦贝尔,吉林,0.00022100364
乐东黎族自治县,吉林,0.0001473357599999
陵水黎族自治县,吉林,0.0001473357599999
西双版纳傣族自治州,吉林,0.0001473357599999
包头,吉林,0.0001227798
乌鲁木齐,吉林,7.366787999999999e-05
鄂尔多斯,吕梁,0.00452962368
包头,吕梁,0.00187093152
阿拉善盟,吕梁,0.00068929056
乌海,吕梁,0.0006400555199999
海西蒙古族藏族自治州,吕梁,0.00054158544
呼和浩特,吕梁,0.0004923504
银川,吕梁,0.00034464528
乌兰察布,吕梁,0.00034464528
中卫,吕梁,0.00019694016
石嘴山,吕梁,0.00014770512
凉山彝族自治州,达州,0.00101298276
红河哈尼族彝族自治州,达州,0.0008034001200000001
黔南布依族苗族自治州,达州,0.0006986088
南宁,达州,0.00041916528
桂林,达州,0.0003842348399999
黔东南苗族侗族自治州,达州,0.00031437396
白沙黎族自治县,昌江黎族自治县,0.00618712344
乐东黎族自治县,昌江黎族自治县,0.00255540744
琼中黎族苗族自治县,昌江黎族自治县,0.00038298095999999995
百色,昌江黎族自治县,0.0002245060799999
陵水黎族自治县,昌江黎族自治县,0.00015847488
河池,昌江黎族自治县,0.00012545928
玉林,昌江黎族自治县,0.00012545928
北海,昌江黎族自治县,9.244368000000004e-05
南宁,昌江黎族自治县,5.942808000000001e-05
桂林,昌江黎族自治县,5.942808000000001e-05
文山壮族苗族自治州,昌江黎族自治县,2.641248e-05
梧州,昌江黎族自治县,2.641248e-05
黔西南布依族苗族自治州,昌江黎族自治县,2.641248e-05
黔南布依族苗族自治州,昌江黎族自治县,2.641248e-05
钦州,昌江黎族自治县,2.641248e-05
百色,汕尾,0.00250093656
玉林,汕尾,0.00098009676
河池,汕尾,0.0009125038800000001
贵港,汕尾,0.00064213236
贺州,汕尾,0.00064213236
桂林,汕尾,0.00060833592
黔东南苗族侗族自治州,汕尾,0.0005745394799999
南宁,汕尾,0.0005069466000000001
湘西土家族苗族自治州,汕尾,0.00047315015999999994
文山壮族苗族自治州,汕尾,0.00047315015999999994
黔南布依族苗族自治州,汕尾,0.00043935372
崇左,汕尾,0.0004055572799999
北海,汕尾,0.00037176084
黔西南布依族苗族自治州,汕尾,0.00030416796
柳州,汕尾,0.00027037152
梧州,汕尾,0.0002027786399999
玉林,茂名,0.06191176032000001
梧州,茂名,0.00793453968
百色,茂名,0.00676112184
南宁,茂名,0.00569945808
文山壮族苗族自治州,茂名,0.00497305656
贵港,茂名,0.0037996387200000003
北海,茂名,0.0033526224
钦州,茂名,0.00290560608
河池,茂名,0.0026820979200000003
桂林,茂名,0.00257034384
柳州,茂名,0.0017321882399999999
黔南布依族苗族自治州,茂名,0.0013410489600000001
黔东南苗族侗族自治州,茂名,0.00128517192
来宾,茂名,0.0010616637599999998
防城港,茂名,0.0009499096800000001
贺州,茂名,0.0009499096800000001
黔西南布依族苗族自治州,茂名,0.0009499096800000001
崇左,茂名,0.00072640152
乐东黎族自治县,茂名,0.00061464744
陵水黎族自治县,茂名,0.00033526224000000003
琼中黎族苗族自治县,茂名,0.00022350816
湘西土家族苗族自治州,茂名,0.00022350816
黔南布依族苗族自治州,毕节,0.02225785392
黔西南布依族苗族自治州,毕节,0.01030017708
黔东南苗族侗族自治州,毕节,0.0075771417599999
红河哈尼族彝族自治州,毕节,0.00130232124
桂林,毕节,0.0011839284
凉山彝族自治州,毕节,0.0010655355599999
大理白族自治州,毕节,0.0009471427199999999
文山壮族苗族自治州,毕节,0.00082874988
湘西土家族苗族自治州,毕节,0.00071035704
百色,毕节,0.00071035704
河池,毕节,0.00047357135999999997
贵港,毕节,0.00047357135999999997
楚雄彝族自治州,毕节,0.00047357135999999997
西双版纳傣族自治州,毕节,0.00047357135999999997
延边朝鲜族自治州,通化,0.0006098133599999
通辽,通化,0.00022466807999999998
南宁,通化,0.0001283817599999
呼和浩特,通化,9.628632e-05
呼伦贝尔,通化,6.419087999999999e-05
包头,通化,6.419087999999999e-05
赤峰,通化,6.419087999999999e-05
锡林郭勒盟,通化,6.419087999999999e-05
乌兰察布,通化,3.2095439999999994e-05
黔西南布依族苗族自治州,通化,3.2095439999999994e-05
黔东南苗族侗族自治州,通化,3.2095439999999994e-05
鄂尔多斯,榆林,0.15156055152
银川,榆林,0.01822465008
吴忠,榆林,0.0117603511199999
包头,榆林,0.0070873639199999
乌海,榆林,0.0027259091999999
呼和浩特,榆林,0.00257014296
中卫,榆林,0.0021807273600000002
巴彦淖尔,榆林,0.00210284424
石嘴山,榆林,0.0014797792799999
乌兰察布,榆林,0.00132401304
阿拉善盟,榆林,0.0011682467999999
固原,榆林,0.0010903636800000001
海西蒙古族藏族自治州,榆林,0.0007788312
赤峰,榆林,0.0007009480800000001
桂林,景德镇,0.0002787372
黔西南布依族苗族自治州,景德镇,0.0002190078
湘西土家族苗族自治州,景德镇,0.0002190078
黔东南苗族侗族自治州,景德镇,0.0001592784
梧州,景德镇,0.0001592784
赤峰,北京,0.0326198664
通辽,北京,0.0100825041599999
呼和浩特,北京,0.007710150240000001
乌兰察布,北京,0.0068205175199999
包头,北京,0.00474470784
塔城地区,克拉玛依,0.00861679944
伊犁哈萨克自治州,克拉玛依,0.0036281260799999
乌鲁木齐,克拉玛依,0.0008738474400000001
巴音郭楞蒙古自治州,克拉玛依,0.00054938088
昌吉回族自治州,克拉玛依,0.0003871476
石河子,克拉玛依,0.00035580708
阿勒泰地区,克拉玛依,0.0002580984
阿克苏地区,克拉玛依,0.0001935738
银川,克拉玛依,9.586511999999999e-05
吐鲁番,克拉玛依,9.586511999999999e-05
喀什地区,克拉玛依,9.586511999999999e-05
海北藏族自治州,克拉玛依,3.1340520000000004e-05
克孜勒苏柯尔克孜自治州,克拉玛依,3.1340520000000004e-05
博尔塔拉蒙古自治州,克拉玛依,3.1340520000000004e-05
吴忠,克拉玛依,3.1340520000000004e-05
和田地区,克拉玛依,3.1340520000000004e-05
黔东南苗族侗族自治州,三明,0.0039963585600000006
湘西土家族苗族自治州,三明,0.0015270638399999
黔南布依族苗族自治州,三明,0.0009747216
桂林,三明,0.00051985152
黔西南布依族苗族自治州,三明,0.00042237935999999993
百色,三明,0.00029241647999999997
柳州,三明,0.00029241647999999997
银川,西安,0.0054375624
固原,西安,0.0050750582399999
银川,渭南,0.00046090944000000005
桂林,渭南,0.00040329576
黔东南苗族侗族自治州,宣城,0.0009273754800000001
文山壮族苗族自治州,宣城,0.00089302824
湘西土家族苗族自治州,宣城,0.0005495558400000001
南宁,宣城,0.00027477792000000004
桂林,宣城,0.0002060834399999
昌江黎族自治县,白沙黎族自治县,0.005537234520000001
乐东黎族自治县,白沙黎族自治县,0.0010661997599999
琼中黎族苗族自治县,白沙黎族自治县,0.00087163776
陵水黎族自治县,白沙黎族自治县,0.0005797947599999
玉林,白沙黎族自治县,0.00019067076000000001
保亭黎族苗族自治县,白沙黎族自治县,0.0001284109199999
南宁,白沙黎族自治县,9.338976000000001e-05
崇左,白沙黎族自治县,6.225984e-05
呼和浩特,白沙黎族自治县,6.225984e-05
凉山彝族自治州,白沙黎族自治县,6.225984e-05
河池,白沙黎族自治县,6.225984e-05
百色,白沙黎族自治县,3.112992e-05
桂林,白沙黎族自治县,3.112992e-05
黔南布依族苗族自治州,白沙黎族自治县,3.112992e-05
黔东南苗族侗族自治州,白沙黎族自治县,3.112992e-05
拉萨,许昌,0.0006135782400000001
桂林,许昌,0.00044623872000000006
玉林,许昌,0.0002788992
乌鲁木齐,许昌,0.00022311936000000003
德宏傣族景颇族自治州,保山,0.08228822400000001
大理白族自治州,保山,0.0456912575999999
怒江傈僳族自治州,保山,0.0175017024
楚雄彝族自治州,保山,0.0037641023999999
红河哈尼族彝族自治州,保山,0.0017034624
文山壮族苗族自治州,保山,0.0010165824
西双版纳傣族自治州,保山,0.0007693056
南宁,保山,0.00030222720000000003
河池,保山,0.00030222720000000003
百色,保山,0.000274752
迪庆藏族自治州,保山,0.0002472768
桂林,保山,0.0002198016
钦州,保山,0.0002198016
凉山彝族自治州,保山,0.0001923264
黔南布依族苗族自治州,保山,0.000137376
玉林,保山,0.000137376
黔东南苗族侗族自治州,保山,0.0001099008
阿拉善盟,保山,0.0001099008
陵水黎族自治县,乐东黎族自治县,0.0019738728
昌江黎族自治县,乐东黎族自治县,0.0016171488
河池,乐东黎族自治县,0.0010344996000000001
玉林,乐东黎族自治县,0.0009988271999999
保亭黎族苗族自治县,乐东黎族自治县,0.0007372295999999
南宁,乐东黎族自治县,0.0007372295999999
琼中黎族苗族自治县,乐东黎族自治县,0.0005826491999999
白沙黎族自治县,乐东黎族自治县,0.00045185040000000003
北海,乐东黎族自治县,0.0002497067999999
桂林,乐东黎族自治县,0.0001902528
红河哈尼族彝族自治州,乐东黎族自治县,0.0001902528
文山壮族苗族自治州,乐东黎族自治县,0.0001545804
贵港,乐东黎族自治县,0.000118908
黔南布依族苗族自治州,乐东黎族自治县,9.51264e-05
钦州,乐东黎族自治县,9.51264e-05
贺州,乐东黎族自治县,5.9454e-05
崇左,乐东黎族自治县,5.9454e-05
黔西南布依族苗族自治州,乐东黎族自治县,5.9454e-05
柳州,乐东黎族自治县,5.9454e-05
南宁,贵港,0.09031755636
玉林,贵港,0.08893489284
梧州,贵港,0.048788269919999995
来宾,贵港,0.03891210192
柳州,贵港,0.02004862104
钦州,贵港,0.0112588315199999
百色,贵港,0.0099255488399999
桂林,贵港,0.00928359792
河池,贵港,0.00854288532
文山壮族苗族自治州,贵港,0.0064195092
北海,贵港,0.00380232468
贺州,贵港,0.0035554204799999
黔东南苗族侗族自治州,贵港,0.00311099292
黔南布依族苗族自治州,贵港,0.0030616120799999997
黔西南布依族苗族自治州,贵港,0.0027653270399999996
崇左,贵港,0.0022221378
防城港,贵港,0.0014814251999999
红河哈尼族彝族自治州,贵港,0.0007407125999999
湘西土家族苗族自治州,贵港,0.0006419509200000001
楚雄彝族自治州,贵港,0.0002469042
银川,咸阳,0.0018336779999999
固原,咸阳,0.0015891876000000001
吴忠,咸阳,0.0009779616
中卫,咸阳,0.0009779616
乌鲁木齐,咸阳,0.0007334711999999
赤峰,唐山,0.0094896100799999
鄂尔多斯,唐山,0.00273995784
乌兰察布,唐山,0.00120290832
通辽,唐山,0.00113608008
呼和浩特,唐山,0.0010692518400000001
包头,唐山,0.00086876712
凉山彝族自治州,甘孜藏族自治州,0.00965500236
昌都,甘孜藏族自治州,0.00809990928
迪庆藏族自治州,甘孜藏族自治州,0.00394926516
阿坝藏族羌族自治州,甘孜藏族自治州,0.00378144936
玉树藏族自治州,甘孜藏族自治州,0.0014544036
果洛藏族自治州,甘孜藏族自治州,0.00051463512
大理白族自治州,甘孜藏族自治州,0.00031325616
楚雄彝族自治州,甘孜藏族自治州,0.00019019124
甘南藏族自治州,甘孜藏族自治州,8.950176000000001e-05
临夏回族自治州,甘孜藏族自治州,5.59386e-05
阿克苏地区,甘孜藏族自治州,5.59386e-05
文山壮族苗族自治州,甘孜藏族自治州,5.59386e-05
海西蒙古族藏族自治州,甘孜藏族自治州,5.59386e-05
拉萨,甘孜藏族自治州,5.59386e-05
呼和浩特,甘孜藏族自治州,2.237544e-05
和田地区,甘孜藏族自治州,2.237544e-05
玉林,甘孜藏族自治州,2.237544e-05
红河哈尼族彝族自治州,甘孜藏族自治州,2.237544e-05
林芝,甘孜藏族自治州,2.237544e-05
山南,甘孜藏族自治州,2.237544e-05
湘西土家族苗族自治州,马鞍山,0.00019371959999999998
黔东南苗族侗族自治州,马鞍山,0.00019371959999999998
阿拉善盟,三门峡,0.00018877536
黔南布依族苗族自治州,宜春,0.007755588000000001
黔东南苗族侗族自治州,宜春,0.00613575
湘西土家族苗族自治州,宜春,0.0050067720000000005
黔西南布依族苗族自治州,宜春,0.0024543000000000004
桂林,宜春,0.0017670960000000001
文山壮族苗族自治州,宜春,0.001276236
南宁,宜春,0.001128978
河池,宜春,0.00098172
柳州,宜春,0.00073629
来宾,宜春,0.00073629
梧州,宜春,0.000539946
桂林,黄冈,5.806080000000001e-05
南宁,崇左,0.1386631872
百色,崇左,0.02081215296
防城港,崇左,0.01272557952
钦州,崇左,0.01044410112
玉林,崇左,0.00879636672
河池,崇左,0.0041320108799999
文山壮族苗族自治州,崇左,0.0032954688
贵港,崇左,0.00268707456
北海,崇左,0.0024082272
桂林,崇左,0.00235752768
来宾,崇左,0.00235752768
柳州,崇左,0.0020279808
梧州,崇左,0.0012421382400000002
红河哈尼族彝族自治州,崇左,0.0005830444799999
贺州,崇左,0.00053234496
黔南布依族苗族自治州,崇左,0.00048164544000000003
黔西南布依族苗族自治州,崇左,0.00040559616
楚雄彝族自治州,崇左,0.00017744832
大理白族自治州,崇左,0.0001267488
黔东南苗族侗族自治州,崇左,7.604928000000001e-05
桂林,贺州,0.04149615744
梧州,贺州,0.038506440960000006
南宁,贺州,0.01364750208
柳州,贺州,0.00783416448
玉林,贺州,0.00647771904
贵港,贺州,0.004152384
黔东南苗族侗族自治州,贺州,0.0031558118400000002
黔南布依族苗族自治州,贺州,0.0025744780800000004
来宾,贺州,0.0025744780800000004
河池,贺州,0.00196546176
百色,贺州,0.0015502233600000002
钦州,贺州,0.00102425472
文山壮族苗族自治州,贺州,0.0009688896000000001
湘西土家族苗族自治州,贺州,0.00088584192
北海,贺州,0.00060901632
防城港,贺州,0.00060901632
乐东黎族自治县,贺州,0.00038755584000000004
崇左,贺州,0.00038755584000000004
黔东南苗族侗族自治州,莆田,0.0022406544
黔南布依族苗族自治州,莆田,0.0017427312
黔西南布依族苗族自治州,莆田,0.0013381685999999
文山壮族苗族自治州,莆田,0.0010269666
湘西土家族苗族自治州,莆田,0.0007468847999999
河池,莆田,0.0005912837999999
南宁,莆田,0.0005290434
楚雄彝族自治州,莆田,0.0004979232
桂林,莆田,0.0004045626
红河哈尼族彝族自治州,莆田,0.00037344239999999995
百色,莆田,0.000311202
大理白族自治州,莆田,0.000311202
西双版纳傣族自治州,思茅,0.0681918588
红河哈尼族彝族自治州,思茅,0.027773688239999997
大理白族自治州,思茅,0.01515681396
楚雄彝族自治州,思茅,0.0065431054799999
文山壮族苗族自治州,思茅,0.00115953768
黔西南布依族苗族自治州,思茅,0.0007178090400000001
德宏傣族景颇族自治州,思茅,0.00044172864
凉山彝族自治州,思茅,0.00024847236
桂林,思茅,0.00024847236
黔南布依族苗族自治州,思茅,0.00022086432
百色,思茅,0.00022086432
南宁,思茅,0.00019325628000000001
玉林,思茅,0.00011043216
河池,思茅,8.282412e-05
鄂尔多斯,东营,0.00029938572
赤峰,东营,0.00023285556
银川,铜川,0.0001478087999999
巴彦淖尔,铜川,0.0001478087999999
乌海,铜川,0.00011824704
呼和浩特,铜川,8.868527999999999e-05
鄂尔多斯,铜川,8.868527999999999e-05
包头,铜川,8.868527999999999e-05
黔西南布依族苗族自治州,六盘水,0.07181675136
黔南布依族苗族自治州,六盘水,0.00551969964
黔东南苗族侗族自治州,六盘水,0.00254755368
红河哈尼族彝族自治州,六盘水,0.00097049664
楚雄彝族自治州,六盘水,0.00078852852
西双版纳傣族自治州,六盘水,0.0006065604
文山壮族苗族自治州,六盘水,0.0005459043599999
凉山彝族自治州,六盘水,0.00048524832
大理白族自治州,六盘水,0.00048524832
百色,六盘水,0.0004245922799999
贵港,六盘水,0.00024262416
湘西土家族苗族自治州,六盘水,0.00024262416
玉林,六盘水,0.0001819681199999
桂林,六盘水,0.0001819681199999
北海,六盘水,0.0001819681199999
文山壮族苗族自治州,漯河,0.00024342443999999998
南宁,漯河,0.00020864952000000002
柳州,漯河,0.00020864952000000002
来宾,漯河,0.00017387459999999998
石嘴山,漯河,0.00013909968
红河哈尼族彝族自治州,曲靖,0.04710805776
黔西南布依族苗族自治州,曲靖,0.04306097376
文山壮族苗族自治州,曲靖,0.022339903680000002
楚雄彝族自治州,曲靖,0.011169951840000001
大理白族自治州,曲靖,0.0084988764
百色,曲靖,0.00793228464
凉山彝族自治州,曲靖,0.0044517924
西双版纳傣族自治州,曲靖,0.0018616586399999998
德宏傣族景颇族自治州,曲靖,0.0017807169600000002
南宁,曲靖,0.0016188335999999998
黔东南苗族侗族自治州,曲靖,0.00105224184
玉林,曲靖,0.0008903584800000001
黔南布依族苗族自治州,曲靖,0.0008903584800000001
桂林,曲靖,0.0008903584800000001
钦州,曲靖,0.00056659176
来宾,曲靖,0.00048565008
河池,曲靖,0.00048565008
北海,曲靖,0.00040470839999999996
柳州,曲靖,0.00040470839999999996
河池,梅州,0.0012547159199999
湘西土家族苗族自治州,梅州,0.0007594333199999
黔东南苗族侗族自治州,梅州,0.0006273579599999
文山壮族苗族自治州,梅州,0.00059433912
南宁,梅州,0.0004952826
钦州,梅州,0.00046226376
黔南布依族苗族自治州,梅州,0.00046226376
桂林,梅州,0.0004292449199999
贺州,梅州,0.00039622608
百色,梅州,0.00039622608
贵港,梅州,0.00036320724
玉林,梅州,0.0003301883999999
柳州,梅州,0.00029716956
来宾,梅州,0.00026415072
黔西南布依族苗族自治州,梅州,0.00023113188
红河哈尼族彝族自治州,梅州,0.00019811304
恩施土家族苗族自治州,孝感,0.00015790464
来宾,孝感,5.921424e-05
河池,孝感,5.921424e-05
德宏傣族景颇族自治州,孝感,2.960712e-05
鄂尔多斯,孝感,2.960712e-05
桂林,孝感,2.960712e-05
红河哈尼族彝族自治州,孝感,2.960712e-05
南宁,孝感,2.960712e-05
防城港,孝感,2.960712e-05
黔东南苗族侗族自治州,孝感,2.960712e-05
百色,江门,0.041067375839999996
贵港,江门,0.031559816160000004
文山壮族苗族自治州,江门,0.02891882736
梧州,江门,0.023240701439999997
河池,江门,0.02297660256
玉林,江门,0.018751020480000002
南宁,江门,0.0154497844799999
贺州,江门,0.01228059792
崇左,江门,0.012016499040000002
桂林,江门,0.0104319057599999
钦州,江门,0.0095075596799999
来宾,江门,0.0079229663999999
柳州,江门,0.00739476864
黔东南苗族侗族自治州,江门,0.0052819776
黔南布依族苗族自治州,江门,0.00369738432
湘西土家族苗族自治州,江门,0.0033012359999999
黔西南布依族苗族自治州,江门,0.00303713712
北海,江门,0.0019807416
楚雄彝族自治州,江门,0.00184869216
红河哈尼族彝族自治州,江门,0.0014525438399999
防城港,江门,0.0010563955199999
海南藏族自治州,果洛藏族自治州,0.0055387378799999
海西蒙古族藏族自治州,果洛藏族自治州,0.00096993936
黄南藏族自治州,果洛藏族自治州,0.0008402939999999999
甘孜藏族自治州,果洛藏族自治州,0.0007754713199999
甘南藏族自治州,果洛藏族自治州,0.0007754713199999
阿坝藏族羌族自治州,果洛藏族自治州,0.0005161806
临夏回族自治州,果洛藏族自治州,0.00045135792
玉树藏族自治州,果洛藏族自治州,0.00038653524
海北藏族自治州,果洛藏族自治州,0.00016085628
吴忠,果洛藏族自治州,6.242184e-05
昌都,果洛藏族自治州,3.121092e-05
拉萨,果洛藏族自治州,3.121092e-05
银川,果洛藏族自治州,3.121092e-05
凉山彝族自治州,果洛藏族自治州,3.121092e-05
通辽,鞍山,0.0017174592
赤峰,鞍山,0.0015027768
兴安盟,鞍山,0.0007728566399999
鄂尔多斯,鞍山,0.0005581742400000001
呼伦贝尔,鞍山,0.00017174592
呼和浩特,鞍山,0.00012880944
乌鲁木齐,鞍山,0.00012880944
延边朝鲜族自治州,鞍山,0.00012880944
桂林,鞍山,0.00012880944
湘西土家族苗族自治州,嘉兴,0.0063232973999999
文山壮族苗族自治州,嘉兴,0.0061426317599999
黔东南苗族侗族自治州,嘉兴,0.0030713158799999
通辽,四平,0.011938680719999999
延边朝鲜族自治州,四平,0.00135500364
赤峰,四平,0.00062256924
兴安盟,四平,0.0005859475200000001
呼伦贝尔,四平,0.00051270408
陵水黎族自治县,四平,7.324344000000001e-05
鄂尔多斯,四平,3.6621720000000003e-05
赤峰,德州,0.00094412304
通辽,德州,0.00040462416
呼和浩特,德州,0.0003371868
鄂尔多斯,德州,0.00026974944
桂林,驻马店,0.00037073376000000004
通辽,锦州,0.0049823748
赤峰,锦州,0.00456078924
兴安盟,锦州,0.0006515413200000001
呼伦贝尔,锦州,0.0006132153599999
锡林郭勒盟,锦州,0.0003832596
延边朝鲜族自治州,锦州,0.00022995576
鄂尔多斯,锦州,0.0001916298
来宾,锦州,7.665191999999999e-05
桂林,锦州,7.665191999999999e-05
凉山彝族自治州,自贡,0.00143759448
黔西南布依族苗族自治州,自贡,0.00038569608
桂林,自贡,0.00031556952
南宁,自贡,0.00028050624
大理白族自治州,自贡,0.0002103796799999
文山壮族苗族自治州,自贡,0.0001753164
西双版纳傣族自治州,自贡,0.0001753164
楚雄彝族自治州,自贡,0.0001753164
红河哈尼族彝族自治州,自贡,0.0001051898399999
黔东南苗族侗族自治州,自贡,0.0001051898399999
德宏傣族景颇族自治州,自贡,0.0001051898399999
甘孜藏族自治州,自贡,0.0001051898399999
贵港,自贡,0.0001051898399999
黔南布依族苗族自治州,自贡,7.012656000000001e-05
湘西土家族苗族自治州,怀化,0.0587134072799999
黔东南苗族侗族自治州,怀化,0.04385190312
黔西南布依族苗族自治州,怀化,0.0171639907199999
黔南布依族苗族自治州,怀化,0.0060178625999999
柳州,怀化,0.00580854564
桂林,怀化,0.0038723637599999
南宁,怀化,0.00083726784
红河哈尼族彝族自治州,怀化,0.0007849386
楚雄彝族自治州,怀化,0.0005756216400000001
玉林,怀化,0.00047096316
贺州,怀化,0.00036630468
大理白族自治州,怀化,0.00031397544
黔南布依族苗族自治州,黔东南苗族侗族自治州,0.11964295512
柳州,黔东南苗族侗族自治州,0.0247836607199999
黔西南布依族苗族自治州,黔东南苗族侗族自治州,0.0140284872
桂林,黔东南苗族侗族自治州,0.00320651136
河池,黔东南苗族侗族自治州,0.0022044765600000003
南宁,黔东南苗族侗族自治州,0.0012024417599999
玉林,黔东南苗族侗族自治州,0.00106883712
北海,黔东南苗族侗族自治州,0.0010020348
大理白族自治州,黔东南苗族侗族自治州,0.0009352324800000001
凉山彝族自治州,黔东南苗族侗族自治州,0.00086843016
红河哈尼族彝族自治州,黔东南苗族侗族自治州,0.00086843016
湘西土家族苗族自治州,黔东南苗族侗族自治州,0.00086843016
楚雄彝族自治州,黔东南苗族侗族自治州,0.0007348255199999999
百色,黔东南苗族侗族自治州,0.0006680232000000001
来宾,黔东南苗族侗族自治州,0.00046761624000000003
文山壮族苗族自治州,黔东南苗族侗族自治州,0.00046761624000000003
贺州,黔东南苗族侗族自治州,0.00046761624000000003
崇左,黔东南苗族侗族自治州,0.00033401160000000004
文山壮族苗族自治州,芜湖,0.0008402453999999999
南宁,芜湖,0.0003459834
桂林,淮南,0.00014368752
乌海,阿拉善盟,0.044385132599999995
巴彦淖尔,阿拉善盟,0.00887702652
银川,阿拉善盟,0.0076069076400000005
哈密,阿拉善盟,0.00585359136
石嘴山,阿拉善盟,0.0054946447200000005
呼和浩特,阿拉善盟,0.00401744124
中卫,阿拉善盟,0.00368610588
鄂尔多斯,阿拉善盟,0.00265068288
包头,阿拉善盟,0.0025540434
吴忠,阿拉善盟,0.0014772034799999
乌兰察布,阿拉善盟,0.0009663947999999999
乌鲁木齐,阿拉善盟,0.000345141
固原,阿拉善盟,0.00028991844
锡林郭勒盟,阿拉善盟,0.0002208902399999
昌吉回族自治州,阿拉善盟,0.0002208902399999
阿克苏地区,阿拉善盟,0.00019327896
临夏回族自治州,阿拉善盟,0.00019327896
通辽,阿拉善盟,0.00015186204
赤峰,阿拉善盟,0.00015186204
兴安盟,阿拉善盟,0.0001242507599999
伊犁哈萨克自治州,阿拉善盟,9.663948e-05
海西蒙古族藏族自治州,阿拉善盟,9.663948e-05
克拉玛依,阿拉善盟,9.663948e-05
呼伦贝尔,阿拉善盟,9.663948e-05
巴音郭楞蒙古自治州,阿拉善盟,9.663948e-05
钦州,北海,0.06045423336
玉林,北海,0.03611249892
南宁,北海,0.03606087276
防城港,北海,0.006504896160000001
河池,北海,0.0040268404799999
柳州,北海,0.003871962
贵港,北海,0.0036396442799999
百色,北海,0.00312338268
梧州,北海,0.0027103734000000004
桂林,北海,0.00255549492
来宾,北海,0.0018327286800000001
崇左,北海,0.00134228016
文山壮族苗族自治州,北海,0.00098089704
黔南布依族苗族自治州,北海,0.0007227662400000001
贺州,北海,0.00067114008
黔西南布依族苗族自治州,北海,0.00046463544
湘西土家族苗族自治州,北海,0.00041300928
黔东南苗族侗族自治州,北海,0.00041300928
楚雄彝族自治州,北海,0.00020650464
银川,延安,0.004149166679999999
鄂尔多斯,延安,0.00370060812
吴忠,延安,0.0014578153200000001
乌海,延安,0.00097187688
巴彦淖尔,延安,0.0007849774799999
石嘴山,延安,0.00067283784
阿拉善盟,延安,0.0005606982
呼和浩特,延安,0.00033641892
包头,延安,0.00022427928
临夏回族自治州,定西,0.0513648054
甘南藏族自治州,定西,0.01275786612
银川,定西,0.0007878967200000001
巴彦淖尔,定西,0.0005454669599999
乌鲁木齐,定西,0.00033334092000000007
鄂尔多斯,定西,0.0003030372
固原,定西,0.0003030372
海西蒙古族藏族自治州,定西,0.0003030372
吴忠,定西,0.0003030372
中卫,定西,0.0003030372
乌海,定西,0.00018182232
石河子,定西,0.0001515186
阿拉善盟,定西,0.0001515186
哈密,定西,0.00012121488000000002
呼和浩特,定西,0.00012121488000000002
拉萨,定西,0.00012121488000000002
昌吉回族自治州,定西,9.091116e-05
阿克苏地区,定西,9.091116e-05
中卫,白银,0.0148294638
阿拉善盟,白银,0.00787027752
临夏回族自治州,白银,0.0040708332
银川,白银,0.0033923609999999996
固原,白银,0.0032954364000000002
海西蒙古族藏族自治州,白银,0.00131817456
吴忠,白银,0.00127940472
鄂尔多斯,白银,0.0006784722
包头,白银,0.0005427777599999999
巴彦淖尔,白银,0.00048462300000000005
乌海,白银,0.0003876984
乌鲁木齐,白银,0.00034892856
呼和浩特,白银,0.00031015872000000004
石嘴山,白银,0.00031015872000000004
甘南藏族自治州,白银,0.00031015872000000004
南宁,白银,0.00015507936000000002
海北藏族自治州,白银,0.00015507936000000002
巴音郭楞蒙古自治州,白银,0.00015507936000000002
桂林,白银,0.00011630952
黄南藏族自治州,白银,9.692460000000004e-05
锡林郭勒盟,白银,9.692460000000004e-05
防城港,白银,9.692460000000004e-05
凉山彝族自治州,广元,0.0021018754800000003
阿坝藏族羌族自治州,广元,0.0002368310399999
甘南藏族自治州,广元,0.0002368310399999
临夏回族自治州,广元,0.00020722716
楚雄彝族自治州,广元,0.00020722716
乌鲁木齐,广元,0.0001480194
吴忠,广元,0.0001184155199999
黔东南苗族侗族自治州,铜仁,0.05057236296
湘西土家族苗族自治州,铜仁,0.03004525872
黔南布依族苗族自治州,铜仁,0.011467656000000001
黔西南布依族苗族自治州,铜仁,0.004300371
红河哈尼族彝族自治州,铜仁,0.0009174124800000001
桂林,铜仁,0.00063072108
南宁,铜仁,0.0005733827999999999
凉山彝族自治州,铜仁,0.00045870624000000004
楚雄彝族自治州,铜仁,0.00045870624000000004
柳州,铜仁,0.00034402968000000003
大理白族自治州,铜仁,0.00028669139999999997
北海,铜仁,0.00028669139999999997
玉林,湛江,0.0651170015999999
北海,湛江,0.0243192067199999
南宁,湛江,0.0154818993599999
钦州,湛江,0.0078406185599999
文山壮族苗族自治州,湛江,0.00657814608
河池,湛江,0.0063123624
贵港,湛江,0.0059801328
百色,湛江,0.00445187664
柳州,湛江,0.0039867552
黔南布依族苗族自治州,湛江,0.00312295824
防城港,湛江,0.00285717456
乐东黎族自治县,湛江,0.0026578368
梧州,湛江,0.0023920531199999
桂林,湛江,0.00225916128
来宾,湛江,0.0020598235199999998
黔东南苗族侗族自治州,湛江,0.0020598235199999998
黔西南布依族苗族自治州,湛江,0.0019933776
崇左,湛江,0.00179403984
陵水黎族自治县,湛江,0.0012624724799999
贺州,湛江,0.0011960265599999
鄂尔多斯,济宁,0.0006469729199999
喀什地区,克孜勒苏柯尔克孜自治州,0.0103674978
阿克苏地区,克孜勒苏柯尔克孜自治州,0.0004528062
乌鲁木齐,克孜勒苏柯尔克孜自治州,0.00016112844
昌吉回族自治州,克孜勒苏柯尔克孜自治州,0.00016112844
和田地区,克孜勒苏柯尔克孜自治州,9.644184000000001e-05
克拉玛依,克孜勒苏柯尔克孜自治州,6.468660000000001e-05
伊犁哈萨克自治州,克孜勒苏柯尔克孜自治州,3.1755240000000013e-05
巴音郭楞蒙古自治州,克孜勒苏柯尔克孜自治州,3.1755240000000013e-05
黔南布依族苗族自治州,常州,0.0044665344000000004
黔东南苗族侗族自治州,常州,0.0017866137600000003
湘西土家族苗族自治州,常州,0.0017866137600000003
昌江黎族自治县,临高县,0.0011302416000000001
乐东黎族自治县,临高县,0.0008707046400000001
陵水黎族自治县,临高县,0.00067814496
琼中黎族苗族自治县,临高县,0.0006446563200000001
白沙黎族自治县,临高县,0.00041860800000000006
玉林,临高县,0.00015907104
南宁,临高县,0.00015907104
北海,临高县,9.209376e-05
贵港,临高县,5.860512000000003e-05
梧州,临高县,5.860512000000003e-05
保亭黎族苗族自治县,临高县,2.5116479999999998e-05
黔东南苗族侗族自治州,临高县,2.5116479999999998e-05
崇左,临高县,2.5116479999999998e-05
百色,临高县,2.5116479999999998e-05
柳州,临高县,2.5116479999999998e-05
黔南布依族苗族自治州,临高县,2.5116479999999998e-05
桂林,临高县,2.5116479999999998e-05
钦州,临高县,2.5116479999999998e-05
乌鲁木齐,周口,0.00093696912
桂林,周口,0.00054656532
凉山彝族自治州,资阳,0.0010157918400000002
阿坝藏族羌族自治州,资阳,0.00029022624
甘孜藏族自治州,资阳,0.0001813913999999
楚雄彝族自治州,资阳,0.00014511312
大理白族自治州,资阳,0.00010883483999999999
黔西南布依族苗族自治州,资阳,0.00010883483999999999
红河哈尼族彝族自治州,资阳,0.00010883483999999999
黔南布依族苗族自治州,资阳,0.00010883483999999999
乌鲁木齐,资阳,7.255656e-05
桂林,资阳,7.255656e-05
南宁,资阳,7.255656e-05
哈密,酒泉,0.0150871993199999
海西蒙古族藏族自治州,酒泉,0.00388154592
阿拉善盟,酒泉,0.0032346216
临夏回族自治州,酒泉,0.00318841272
乌鲁木齐,酒泉,0.00182525076
中卫,酒泉,0.0015479974800000002
银川,酒泉,0.0007624465199999
阿克苏地区,酒泉,0.0007393420799999
昌吉回族自治州,酒泉,0.0006931332
巴音郭楞蒙古自治州,酒泉,0.00064692432
北海,酒泉,0.00032346216
呼和浩特,酒泉,0.00027725328
海北藏族自治州,酒泉,0.00025414884
伊犁哈萨克自治州,酒泉,0.00025414884
吴忠,酒泉,0.00020793996
乌海,酒泉,0.0001848355199999
吐鲁番,酒泉,0.0001848355199999
喀什地区,酒泉,0.0001155222
甘南藏族自治州,酒泉,0.0001155222
克拉玛依,酒泉,9.241775999999999e-05
银川,中卫,0.0404247412799999
吴忠,中卫,0.0306685537199999
固原,中卫,0.0299685581999999
石嘴山,中卫,0.0025520669999999
阿拉善盟,中卫,0.0019687373999999
鄂尔多斯,中卫,0.0012541586399999
巴彦淖尔,中卫,0.0010937429999999
乌海,中卫,0.0006999955199999
海西蒙古族藏族自治州,中卫,0.0002770815599999
南宁,中卫,0.0001895821199999
包头,中卫,0.0001895821199999
昌吉回族自治州,中卫,0.0001166659199999
乌鲁木齐,中卫,8.749943999999996e-05
塔城地区,中卫,5.8332959999999976e-05
呼和浩特,中卫,5.8332959999999976e-05
临夏回族自治州,中卫,5.8332959999999976e-05
乌兰察布,中卫,5.8332959999999976e-05
梧州,云浮,0.017604190080000002
玉林,云浮,0.00761164776
贵港,云浮,0.00652942296
文山壮族苗族自治州,云浮,0.005627568960000001
百色,云浮,0.0055193464799999
南宁,云浮,0.00490608576
钦州,云浮,0.0044731958399999
贺州,云浮,0.00425675088
黔西南布依族苗族自治州,云浮,0.00328274856
崇左,云浮,0.0025251912
河池,云浮,0.00227267208
桂林,云浮,0.00183978216
来宾,云浮,0.00129866976
柳州,云浮,0.0009379281599999
黔南布依族苗族自治州,云浮,0.00057718656
黔东南苗族侗族自治州,云浮,0.00050503824
北海,云浮,0.0003607416
红河哈尼族彝族自治州,云浮,0.0003607416
防城港,云浮,0.00025251912
湘西土家族苗族自治州,云浮,0.00010822248
呼伦贝尔,青岛,0.0014986296
通辽,青岛,0.0013833504000000001
赤峰,青岛,0.0013833504000000001
延边朝鲜族自治州,青岛,0.001152792
延边朝鲜族自治州,长春,0.01455955884
通辽,长春,0.00811035828
兴安盟,长春,0.00498347316
赤峰,长春,0.0015634425599999
呼伦贝尔,长春,0.0012702970800000002
陵水黎族自治县,长春,0.0007817212799999
北海,长春,0.0006840061200000001
乐东黎族自治县,长春,0.00029314548
鄂尔多斯,枣庄,0.00030375
北海,枣庄,0.00024300000000000002
乌兰察布,枣庄,0.000212625
桂林,枣庄,0.00018225
南宁,枣庄,0.000151875
延边朝鲜族自治州,枣庄,0.000151875
呼和浩特,枣庄,0.000151875
楚雄彝族自治州,大理白族自治州,0.03896039736
怒江傈僳族自治州,大理白族自治州,0.03467575008
德宏傣族景颇族自治州,大理白族自治州,0.0165407313599999
迪庆藏族自治州,大理白族自治州,0.011209833
红河哈尼族彝族自治州,大理白族自治州,0.0048825050399999
文山壮族苗族自治州,大理白族自治州,0.00239143104
凉山彝族自治州,大理白族自治州,0.00109607256
西双版纳傣族自治州,大理白族自治州,0.00109607256
黔西南布依族苗族自治州,大理白族自治州,0.0009964296
拉萨,大理白族自治州,0.0006476792400000001
南宁,大理白族自治州,0.00059785776
桂林,大理白族自治州,0.00044839332
防城港,大理白族自治州,0.00034875036
黔南布依族苗族自治州,大理白族自治州,0.00034875036
甘孜藏族自治州,大理白族自治州,0.00029892888
玉林,大理白族自治州,0.0002491074
百色,大理白族自治州,0.0002491074
黔东南苗族侗族自治州,大理白族自治州,0.00019928592
凉山彝族自治州,南充,0.00192941352
甘孜藏族自治州,南充,0.0016755433199999998
阿坝藏族羌族自治州,南充,0.00081238464
黔东南苗族侗族自治州,南充,0.00035541828
桂林,南充,0.00035541828
黔南布依族苗族自治州,南充,0.00030464424
文山壮族苗族自治州,南充,0.0002538702
拉萨,南充,0.0002538702
大理白族自治州,南充,0.00020309616
崇左,南充,0.00015232212
南宁,南充,0.00015232212
北海,南充,0.00015232212
德宏傣族景颇族自治州,南充,0.00015232212
南宁,鸡西,0.00012879
延边朝鲜族自治州,鸡西,6.4395e-05
锡林郭勒盟,鸡西,6.4395e-05
伊犁哈萨克自治州,鸡西,3.09096e-05
呼和浩特,鸡西,3.09096e-05
梧州,鸡西,3.09096e-05
赤峰,承德,0.02774971872
锡林郭勒盟,承德,0.0041372985600000006
乌兰察布,承德,0.00212455872
通辽,承德,0.00173319264
鄂尔多斯,承德,0.00128591712
呼和浩特,承德,0.0008945510400000001
兴安盟,承德,0.0005404579200000001
包头,承德,0.00031682016
陵水黎族自治县,承德,0.00022363776000000003
乌鲁木齐,承德,0.00011181888000000001
乐东黎族自治县,澄迈县,0.0018684010800000001
昌江黎族自治县,澄迈县,0.0013551040799999999
琼中黎族苗族自治县,澄迈县,0.00121138092
白沙黎族自治县,澄迈县,0.0009239346
陵水黎族自治县,澄迈县,0.0008007433199999999
玉林,澄迈县,0.00047223324
保亭黎族苗族自治县,澄迈县,0.00034904196000000003
南宁,澄迈县,0.00034904196000000003
桂林,澄迈县,0.00028744632000000003
黔南布依族苗族自治州,澄迈县,0.00014372316000000002
河池,澄迈县,0.00014372316000000002
黔东南苗族侗族自治州,澄迈县,0.00012319128
文山壮族苗族自治州,澄迈县,0.00012319128
北海,澄迈县,0.00012319128
百色,澄迈县,8.212752e-05
贵港,澄迈县,8.212752e-05
防城港,澄迈县,8.212752e-05
黔东南苗族侗族自治州,黔南布依族苗族自治州,0.11566117656
河池,黔南布依族苗族自治州,0.026263673280000004
黔西南布依族苗族自治州,黔南布依族苗族自治州,0.01860343524
百色,黔南布依族苗族自治州,0.00260953164
桂林,黔南布依族苗族自治州,0.0024411747600000004
南宁,黔南布依族苗族自治州,0.00227281788
柳州,黔南布依族苗族自治州,0.00218863944
来宾,黔南布依族苗族自治州,0.0016835688000000001
贵港,黔南布依族苗族自治州,0.0012626766
玉林,黔南布依族苗族自治州,0.00109431972
楚雄彝族自治州,黔南布依族苗族自治州,0.0008417844000000001
文山壮族苗族自治州,黔南布依族苗族自治州,0.0007576059599999
大理白族自治州,黔南布依族苗族自治州,0.0005892490799999999
红河哈尼族彝族自治州,黔南布依族苗族自治州,0.0005050706400000001
北海,黔南布依族苗族自治州,0.00042089220000000004
梧州,黔南布依族苗族自治州,0.00042089220000000004
凉山彝族自治州,黔南布依族苗族自治州,0.00042089220000000004
湘西土家族苗族自治州,黔南布依族苗族自治州,0.00042089220000000004
黔东南苗族侗族自治州,南通,0.0018458279999999999
湘西土家族苗族自治州,九江,0.0040439574
黔南布依族苗族自治州,九江,0.00219529116
黔东南苗族侗族自治州,九江,0.0013479858
桂林,九江,0.00065473596
南宁,九江,0.0006162220799999
黔东南苗族侗族自治州,六安,0.00034986167999999997
黔南布依族苗族自治州,六安,0.00034986167999999997
凉山彝族自治州,巴中,0.0003154723199999
黔西南布依族苗族自治州,巴中,0.00018402552
阿坝藏族羌族自治州,巴中,0.0001577361599999
黔东南苗族侗族自治州,巴中,0.0001577361599999
南宁,巴中,0.0001577361599999
山南,拉萨,0.0389367
日喀则,拉萨,0.02697867
那曲,拉萨,0.012312
林芝,拉萨,0.00783351
昌都,拉萨,0.00410913
海西蒙古族藏族自治州,拉萨,0.00310878
临夏回族自治州,拉萨,0.00115425
阿里地区,拉萨,0.00047709
迪庆藏族自治州,拉萨,0.00044631
甘南藏族自治州,拉萨,0.00027702
大理白族自治州,拉萨,0.00024624
海南藏族自治州,拉萨,0.00018468
甘孜藏族自治州,拉萨,0.00015390000000000003
玉树藏族自治州,拉萨,9.234e-05
陵水黎族自治县,琼中黎族苗族自治县,0.0014249844
乐东黎族自治县,琼中黎族苗族自治县,0.0010979388
保亭黎族苗族自治县,琼中黎族苗族自治县,0.0008082698399999
白沙黎族自治县,琼中黎族苗族自治县,0.00054663336
玉林,琼中黎族苗族自治县,0.0003877826399999
昌江黎族自治县,琼中黎族苗族自治县,0.00028966896
南宁,琼中黎族苗族自治县,0.0002569643999999
崇左,琼中黎族苗族自治县,6.0737040000000014e-05
呼伦贝尔,琼中黎族苗族自治县,6.0737040000000014e-05
河池,琼中黎族苗族自治县,2.803248e-05
贺州,琼中黎族苗族自治县,2.803248e-05
钦州,琼中黎族苗族自治县,2.803248e-05
桂林,琼中黎族苗族自治县,2.803248e-05
黔东南苗族侗族自治州,南平,0.0067562553599999995
湘西土家族苗族自治州,南平,0.0023459220000000003
黔南布依族苗族自治州,南平,0.0013762742399999
桂林,南平,0.0012511583999999
黔西南布依族苗族自治州,南平,0.0005004633599999
河池,南平,0.0004691843999999
柳州,南平,0.00040662648
阿克苏地区,巴音郭楞蒙古自治州,0.012828021840000002
铁门关,巴音郭楞蒙古自治州,0.0097513081199999
乌鲁木齐,巴音郭楞蒙古自治州,0.004471063920000001
海西蒙古族藏族自治州,巴音郭楞蒙古自治州,0.0024915438
和田地区,巴音郭楞蒙古自治州,0.0019429470000000002
吐鲁番,巴音郭楞蒙古自治州,0.00174636648
伊犁哈萨克自治州,巴音郭楞蒙古自治州,0.00158635908
哈密,巴音郭楞蒙古自治州,0.0012937741199999
昌吉回族自治州,巴音郭楞蒙古自治州,0.00113376672
喀什地区,巴音郭楞蒙古自治州,0.0008091802799999
塔城地区,巴音郭楞蒙古自治州,0.0005165953199999
克拉玛依,巴音郭楞蒙古自治州,0.00045259235999999995
石河子,巴音郭楞蒙古自治州,0.00045259235999999995
银川,巴音郭楞蒙古自治州,0.00022401036
博尔塔拉蒙古自治州,巴音郭楞蒙古自治州,0.0001280059199999
图木舒克,巴音郭楞蒙古自治州,9.600444e-05
阿拉尔,巴音郭楞蒙古自治州,9.600444e-05
五家渠,巴音郭楞蒙古自治州,6.400295999999999e-05
德宏傣族景颇族自治州,巴音郭楞蒙古自治州,6.400295999999999e-05
固原,巴音郭楞蒙古自治州,6.400295999999999e-05
临夏回族自治州,巴音郭楞蒙古自治州,3.2001479999999994e-05
阿拉善盟,巴音郭楞蒙古自治州,3.2001479999999994e-05
那曲,巴音郭楞蒙古自治州,3.2001479999999994e-05
吴忠,巴音郭楞蒙古自治州,3.2001479999999994e-05
克孜勒苏柯尔克孜自治州,巴音郭楞蒙古自治州,3.2001479999999994e-05
阿勒泰地区,巴音郭楞蒙古自治州,3.2001479999999994e-05
赤峰,聊城,0.0004289759999999
鄂尔多斯,聊城,0.00032173200000000003
银川,聊城,0.00026811
百色,聊城,0.00026811
黔东南苗族侗族自治州,丽水,0.0052321626000000005
黔南布依族苗族自治州,丽水,0.00274237488
湘西土家族苗族自治州,丽水,0.00212894892
黔西南布依族苗族自治州,丽水,0.00101034864
文山壮族苗族自治州,丽水,0.00043300656
乌兰察布,张家口,0.01414736928
鄂尔多斯,张家口,0.01345995792
锡林郭勒盟,张家口,0.009424188
呼和浩特,张家口,0.00390272256
包头,张家口,0.00319313664
巴彦淖尔,张家口,0.00141917184
赤峰,张家口,0.00128612448
通辽,张家口,0.00035479296
乌鲁木齐,张家口,0.00028826928
阿拉善盟,张家口,0.00024392016
乌海,张家口,0.00015522192
湘西土家族苗族自治州,无锡,0.0118272765599999
黔南布依族苗族自治州,无锡,0.0041499215999999
黔东南苗族侗族自治州,无锡,0.00290494512
玉林,南宁,0.19562725692000002
百色,南宁,0.19234553219999997
崇左,南宁,0.17903631528
钦州,南宁,0.17192591172000002
河池,南宁,0.16372159992000002
贵港,南宁,0.12452322132000002
来宾,南宁,0.08058457368
柳州,南宁,0.0762089407199999
桂林,南宁,0.07037476344
北海,南宁,0.05633627436000001
防城港,南宁,0.04703805432
梧州,南宁,0.037192880160000004
文山壮族苗族自治州,南宁,0.02588916168
贺州,南宁,0.0160439875199999
黔西南布依族苗族自治州,南宁,0.00984517416
黔南布依族苗族自治州,南宁,0.00474026904
红河哈尼族彝族自治州,南宁,0.0040109968799999
黔东南苗族侗族自治州,南宁,0.0020054984399999
大理白族自治州,南宁,0.0010939082400000001
凉山彝族自治州,遂宁,0.0009507326400000001
甘孜藏族自治州,遂宁,0.0004003084799999
阿坝藏族羌族自治州,遂宁,0.0002501928
拉萨,遂宁,0.0002501928
大理白族自治州,遂宁,0.0001250964
西双版纳傣族自治州,遂宁,0.0001250964
梧州,遂宁,0.0001250964
红河哈尼族彝族自治州,遂宁,0.0001250964
北海,遂宁,0.0001250964
黔西南布依族苗族自治州,遂宁,7.505784e-05
黔南布依族苗族自治州,遂宁,7.505784e-05
山南,遂宁,7.505784e-05
黔东南苗族侗族自治州,遂宁,7.505784e-05
南宁,遂宁,7.505784e-05
固原,遂宁,7.505784e-05
桂林,遂宁,7.505784e-05
湘西土家族苗族自治州,遂宁,7.505784e-05
乌鲁木齐,遂宁,7.505784e-05
湘西土家族苗族自治州,株洲,0.0036117867600000005
黔南布依族苗族自治州,株洲,0.0021807014399999997
黔东南苗族侗族自治州,株洲,0.00211255452
桂林,株洲,0.0014310853200000001
文山壮族苗族自治州,株洲,0.0011584976400000001
黔西南布依族苗族自治州,株洲,0.0010903507199999999
玉林,株洲,0.0008859099599999
柳州,株洲,0.0007496161199999
南宁,株洲,0.0006814691999999
河池,株洲,0.0004088815199999
贺州,株洲,0.0003407345999999
西双版纳傣族自治州,株洲,0.00027258767999999996
保亭黎族苗族自治县,双鸭山,0.00012610728
延边朝鲜族自治州,双鸭山,6.305364e-05
防城港,双鸭山,6.305364e-05
兴安盟,双鸭山,6.305364e-05
南宁,双鸭山,2.9101679999999998e-05
赤峰,双鸭山,2.9101679999999998e-05
通辽,双鸭山,2.9101679999999998e-05
呼和浩特,双鸭山,2.9101679999999998e-05
桂林,双鸭山,2.9101679999999998e-05
陵水黎族自治县,双鸭山,2.9101679999999998e-05
锡林郭勒盟,双鸭山,2.9101679999999998e-05
凉山彝族自治州,双鸭山,2.9101679999999998e-05
通辽,兴安盟,0.017812214280000002
呼伦贝尔,兴安盟,0.00829378116
赤峰,兴安盟,0.00427134708
呼和浩特,兴安盟,0.00232982568
锡林郭勒盟,兴安盟,0.0010952172
鄂尔多斯,兴安盟,0.00051773904
乌兰察布,兴安盟,0.0004779129599999
包头,兴安盟,0.0004480433999999
延边朝鲜族自治州,兴安盟,0.0001593043199999
巴彦淖尔,兴安盟,8.960868000000001e-05
保亭黎族苗族自治县,兴安盟,5.9739119999999986e-05
南宁,兴安盟,5.9739119999999986e-05
乌海,兴安盟,5.9739119999999986e-05
阿拉善盟,兴安盟,5.9739119999999986e-05
崇左,兴安盟,2.9869559999999997e-05
海北藏族自治州,张掖,0.0037549332
临夏回族自治州,张掖,0.0014164178400000002
哈密,张掖,0.00113123304
阿拉善盟,张掖,0.0010932084
乌鲁木齐,张掖,0.00096962832
银川,张掖,0.00054185112
中卫,张掖,0.0005133326400000001
鄂尔多斯,张掖,0.0002851848
固原,张掖,0.00025666632000000003
吴忠,张掖,0.0001901232
昌吉回族自治州,张掖,0.0001901232
博尔塔拉蒙古自治州,张掖,0.00012358008
湘西土家族苗族自治州,张掖,0.00012358008
巴彦淖尔,张掖,0.00012358008
石嘴山,张掖,9.506160000000002e-05
五家渠,张掖,9.506160000000002e-05
海西蒙古族藏族自治州,张掖,9.506160000000002e-05
巴音郭楞蒙古自治州,张掖,9.506160000000002e-05
包头,张掖,9.506160000000002e-05
吐鲁番,张掖,5.703696000000003e-05
拉萨,张掖,5.703696000000003e-05
伊犁哈萨克自治州,张掖,5.703696000000003e-05
恩施土家族苗族自治州,湘西土家族苗族自治州,0.01675709856
黔西南布依族苗族自治州,湘西土家族苗族自治州,0.00182646576
黔南布依族苗族自治州,湘西土家族苗族自治州,0.0011306692800000001
黔东南苗族侗族自治州,湘西土家族苗族自治州,0.00095672016
桂林,湘西土家族苗族自治州,0.00046386432
南宁,湘西土家族苗族自治州,0.00040588128
红河哈尼族彝族自治州,湘西土家族苗族自治州,0.00023193216
楚雄彝族自治州,湘西土家族苗族自治州,0.00023193216
柳州,湘西土家族苗族自治州,0.00017394912
北海,湘西土家族苗族自治州,0.00017394912
赤峰,延边朝鲜族自治州,0.00019352520000000002
呼伦贝尔,延边朝鲜族自治州,0.00019352520000000002
通辽,延边朝鲜族自治州,0.000161271
北海,延边朝鲜族自治州,0.0001290168
银川,延边朝鲜族自治州,0.0001290168
兴安盟,延边朝鲜族自治州,9.676260000000001e-05
防城港,延边朝鲜族自治州,9.676260000000001e-05
陵水黎族自治县,延边朝鲜族自治州,6.450840000000001e-05
吴忠,延边朝鲜族自治州,6.450840000000001e-05
乐东黎族自治县,延边朝鲜族自治州,6.450840000000001e-05
通辽,铁岭,0.0076597876799999
赤峰,铁岭,0.0009406756800000002
延边朝鲜族自治州,铁岭,0.00040314672
呼伦贝尔,铁岭,0.00033595559999999997
兴安盟,铁岭,0.00026876448
鄂尔多斯,铁岭,0.00020157336
锡林郭勒盟,铁岭,0.00010078668
黄南藏族自治州,铁岭,6.719112e-05
石嘴山,铁岭,3.359556e-05
来宾,铁岭,3.359556e-05
通辽,大连,0.00818593776
赤峰,大连,0.0051724332
兴安盟,大连,0.0031034599199999996
延边朝鲜族自治州,大连,0.00206897328
呼伦贝尔,大连,0.00206897328
呼和浩特,大连,0.0004497768
银川,大连,0.0004497768
赤峰,临沂,0.0017947656
红河哈尼族彝族自治州,临沂,0.0007179062400000002
黔南布依族苗族自治州,贵阳,0.37085664348
黔东南苗族侗族自治州,贵阳,0.10278785304
黔西南布依族苗族自治州,贵阳,0.07769410488
桂林,贵阳,0.00289543248
南宁,贵阳,0.0026541464399999
河池,贵阳,0.0024128604
百色,贵阳,0.00217157436
大理白族自治州,贵阳,0.00217157436
红河哈尼族彝族自治州,贵阳,0.00168900228
凉山彝族自治州,贵阳,0.00168900228
柳州,贵阳,0.0014477162399999
楚雄彝族自治州,贵阳,0.0012064302
湘西土家族苗族自治州,贵阳,0.0009651441599999
北海,贵阳,0.0009651441599999
延边朝鲜族自治州,牡丹江,0.00261922896
乐东黎族自治县,牡丹江,0.00018801396000000002
西双版纳傣族自治州,牡丹江,9.076536000000004e-05
鄂尔多斯,牡丹江,9.076536000000004e-05
呼伦贝尔,牡丹江,5.834916000000001e-05
银川,牡丹江,5.834916000000001e-05
北海,牡丹江,5.834916000000001e-05
保亭黎族苗族自治县,牡丹江,5.834916000000001e-05
赤峰,牡丹江,5.834916000000001e-05
恩施土家族苗族自治州,仙桃,0.00048370608
中卫,仙桃,6.254820000000003e-05
银川,仙桃,2.918916000000002e-05
南宁,仙桃,2.918916000000002e-05
桂林,仙桃,2.918916000000002e-05
呼和浩特,仙桃,2.918916000000002e-05
临夏回族自治州,天水,0.0034519121999999
乌鲁木齐,天水,0.0022537278
固原,天水,0.0013122972
银川,天水,0.0007702614
海西蒙古族藏族自治州,天水,0.0006846767999999
甘南藏族自治州,天水,0.0005990922
中卫,天水,0.0003423383999999
包头,天水,0.000285282
吴忠,天水,0.00025675380000000003
昌吉回族自治州,天水,0.0001996974
鄂尔多斯,天水,0.0001711691999999
固原,庆阳,0.00818221824
银川,庆阳,0.0070863854400000014
吴忠,庆阳,0.00595402488
鄂尔多斯,庆阳,0.0016437492000000002
乌海,庆阳,0.00071229132
中卫,庆阳,0.00056618028
临夏回族自治州,庆阳,0.00056618028
石嘴山,庆阳,0.00031048596
呼和浩特,庆阳,0.0001826388
赤峰,庆阳,0.0001826388
湘西土家族苗族自治州,庆阳,0.00014611104
鄂尔多斯,保定,0.00529315236
赤峰,保定,0.0029406402
乌兰察布,保定,0.0023525121599999
呼和浩特,保定,0.0017643841199999999
巴彦淖尔,保定,0.0013069512
包头,保定,0.0011762560799999
锡林郭勒盟,保定,0.00111090852
通辽,保定,0.0007841707199999
陵水黎族自治县,保定,0.0007841707199999
北海,保定,0.0006534756
湘西土家族苗族自治州,保定,0.0005881280399999
凉山彝族自治州,内江,0.0015200136
黔西南布依族苗族自治州,内江,0.0004342896
红河哈尼族彝族自治州,内江,0.00034743168
黔东南苗族侗族自治州,内江,0.00030400272
大理白族自治州,内江,0.00030400272
桂林,内江,0.00026057376
柳州,内江,0.0002171448
南宁,内江,0.0002171448
楚雄彝族自治州,内江,0.00017371584
阿坝藏族羌族自治州,内江,0.00013028688
北海,内江,0.00013028688
崇左,内江,0.00013028688
拉萨,内江,8.685792e-05
甘孜藏族自治州,内江,8.685792e-05
恩施土家族苗族自治州,宜昌,0.025951946400000002
湘西土家族苗族自治州,宜昌,0.00029080619999999997
哈密,宜昌,0.0001905282
桂林,宜昌,0.0001905282
黔东南苗族侗族自治州,宜昌,9.02502e-05
德宏傣族景颇族自治州,宜昌,9.02502e-05
延边朝鲜族自治州,宜昌,6.01668e-05
南宁,宜昌,6.01668e-05
吴忠,宜昌,6.01668e-05
乌鲁木齐,宜昌,6.01668e-05
南宁,防城港,0.04534842672
钦州,防城港,0.04339774908
崇左,防城港,0.01388650716
北海,防城港,0.01010103372
玉林,防城港,0.007937906040000001
柳州,防城港,0.00422968716
百色,防城港,0.00403655076
河池,防城港,0.00293567328
贵港,防城港,0.00268459596
桂林,防城港,0.00249145956
来宾,防城港,0.0022017549600000003
梧州,防城港,0.0014871502800000002
文山壮族苗族自治州,防城港,0.0011008774800000001
黔南布依族苗族自治州,防城港,0.0008884274400000001
楚雄彝族自治州,防城港,0.00040558644
黔东南苗族侗族自治州,防城港,0.00021245004000000002
黔西南布依族苗族自治州,防城港,0.00021245004000000002
湘西土家族苗族自治州,防城港,0.00015450912
贺州,防城港,0.00015450912
黔东南苗族侗族自治州,揭阳,0.0065817100799999
百色,揭阳,0.0050110747200000005
河池,揭阳,0.00388919232
湘西土家族苗族自治州,揭阳,0.0032160628799999
玉林,揭阳,0.0029916864
文山壮族苗族自治州,揭阳,0.00254293344
南宁,揭阳,0.0022437648
黔南布依族苗族自治州,揭阳,0.00216897264
桂林,揭阳,0.00201938832
贺州,揭阳,0.0016454275199999
崇左,揭阳,0.00127146672
贵港,揭阳,0.0011218824
柳州,揭阳,0.00089750592
黔西南布依族苗族自治州,揭阳,0.0008227137599999
梧州,揭阳,0.00059833728
钦州,揭阳,0.00052354512
来宾,揭阳,0.00044875296
恩施土家族苗族自治州,神农架林区,0.0004858056
湘西土家族苗族自治州,台州,0.019242100800000002
黔东南苗族侗族自治州,台州,0.016528471200000002
黔西南布依族苗族自治州,台州,0.0107311715999999
黔南布依族苗族自治州,台州,0.0097443972
桂林,台州,0.0032070168
文山壮族苗族自治州,台州,0.0027136296
黔西南布依族苗族自治州,汕头,0.01027847232
百色,汕头,0.00998757216
黔东南苗族侗族自治州,汕头,0.0085330713599999
文山壮族苗族自治州,汕头,0.0049453027199999
崇左,汕头,0.0045574358399999996
河池,汕头,0.0038786688
湘西土家族苗族自治州,汕头,0.0031999017600000002
红河哈尼族彝族自治州,汕头,0.0025211347199999997
桂林,汕头,0.0023272012799999
黔南布依族苗族自治州,汕头,0.0023272012799999
南宁,汕头,0.0020363011199999
玉林,汕头,0.0020363011199999
贵港,汕头,0.0012605673599999
贺州,汕头,0.0011636006399999
柳州,汕头,0.0011636006399999
大理白族自治州,汕头,0.0008727004799999
梧州,汕头,0.0007757337599999
钦州,汕头,0.00067876704
玉林,深圳,0.1387239372
河池,深圳,0.06523774344
南宁,深圳,0.056239434000000005
钦州,深圳,0.053239997520000006
贵港,深圳,0.0524901384
百色,深圳,0.05174027928
崇左,深圳,0.04724112456
桂林,深圳,0.0449915471999999
梧州,深圳,0.03599323776
贺州,深圳,0.03074422392
来宾,深圳,0.02924450568
文山壮族苗族自治州,深圳,0.0262450692
黔东南苗族侗族自治州,深圳,0.0239954918399999
黔西南布依族苗族自治州,深圳,0.02324563272
柳州,深圳,0.0224957735999999
黔南布依族苗族自治州,深圳,0.02024619624
北海,深圳,0.01649690064
湘西土家族苗族自治州,深圳,0.0149971824
防城港,深圳,0.00824845032
贵港,玉林,0.0854885858399999
南宁,玉林,0.07723679184
钦州,玉林,0.03267710424
梧州,玉林,0.030311589960000003
北海,玉林,0.023600130840000004
柳州,玉林,0.01078234416
百色,玉林,0.0090769734
桂林,玉林,0.0077016744
文山壮族苗族自治州,玉林,0.00671145912
来宾,玉林,0.0062713634399999
河池,玉林,0.0059412916799999
黔西南布依族苗族自治州,玉林,0.00418090896
贺州,玉林,0.00346575348
崇左,玉林,0.0029156338800000003
防城港,玉林,0.0028606219199999996
黔南布依族苗族自治州,玉林,0.00126527508
红河哈尼族彝族自治州,玉林,0.00115525116
黔东南苗族侗族自治州,玉林,0.0011002391999999
大理白族自治州,玉林,0.0002750597999999
德宏傣族景颇族自治州,玉林,0.0002750597999999
石河子,塔城地区,0.015258456
克拉玛依,塔城地区,0.00903820032
伊犁哈萨克自治州,塔城地区,0.0058306780799999
昌吉回族自治州,塔城地区,0.0042420672
乌鲁木齐,塔城地区,0.0026231558399999
巴音郭楞蒙古自治州,塔城地区,0.00083975616
博尔塔拉蒙古自治州,塔城地区,0.00083975616
五家渠,塔城地区,0.00032031936000000003
阿勒泰地区,塔城地区,0.00025538976
阿克苏地区,塔城地区,0.00022508928
吐鲁番,塔城地区,0.00019046016
哈密,塔城地区,0.00012553056
银川,塔城地区,9.523008e-05
喀什地区,塔城地区,3.030048000000001e-05
百色,塔城地区,3.030048000000001e-05
南宁,塔城地区,3.030048000000001e-05
鄂尔多斯,塔城地区,3.030048000000001e-05
临夏回族自治州,塔城地区,3.030048000000001e-05
乌海,塔城地区,3.030048000000001e-05
赤峰,塔城地区,3.030048000000001e-05
中卫,塔城地区,3.030048000000001e-05
陵水黎族自治县,定安县,0.0008016505199999
琼中黎族苗族自治县,定安县,0.0006471154799999
乐东黎族自治县,定安县,0.00060848172
昌江黎族自治县,定安县,0.00041531292
保亭黎族苗族自治县,定安县,0.00022214412
白沙黎族自治县,定安县,0.0001545350399999
百色,定安县,0.00012555972
南宁,定安县,9.658440000000001e-05
河池,定安县,9.658440000000001e-05
玉林,定安县,5.795063999999999e-05
桂林,定安县,5.795063999999999e-05
文山壮族苗族自治州,定安县,5.795063999999999e-05
柳州,定安县,2.8975319999999995e-05
博尔塔拉蒙古自治州,定安县,2.8975319999999995e-05
崇左,定安县,2.8975319999999995e-05
北海,定安县,2.8975319999999995e-05
贵港,定安县,2.8975319999999995e-05
昌吉回族自治州,乌鲁木齐,0.030677104080000003
吐鲁番,乌鲁木齐,0.00913114296
五家渠,乌鲁木齐,0.0076787481599999
塔城地区,乌鲁木齐,0.0072872330400000004
伊犁哈萨克自治州,乌鲁木齐,0.007224085440000001
巴音郭楞蒙古自治州,乌鲁木齐,0.0061758352799999
阿克苏地区,乌鲁木齐,0.00349837704
克拉玛依,乌鲁木齐,0.00323315712
石河子,乌鲁木齐,0.0029047895999999
阿勒泰地区,乌鲁木齐,0.00209650032
喀什地区,乌鲁木齐,0.0018691689600000001
博尔塔拉蒙古自治州,乌鲁木齐,0.0017049851999999
哈密,乌鲁木齐,0.0014145062400000002
和田地区,乌鲁木齐,0.00083354832
图木舒克,乌鲁木齐,0.00077040072
克孜勒苏柯尔克孜自治州,乌鲁木齐,0.00051781032
阿拉善盟,乌鲁木齐,0.00029047896
阿拉尔,乌鲁木齐,0.0002147018399999
银川,乌鲁木齐,0.00018944279999999998
吴忠,乌鲁木齐,0.00015155424
中卫,乌鲁木齐,0.0001262952
临夏回族自治州,乌鲁木齐,0.0001262952
恩施土家族苗族自治州,荆州,0.00066953628
大理白族自治州,荆州,0.0001894914
黔东南苗族侗族自治州,荆州,6.31638e-05
柳州,荆州,6.31638e-05
昌吉回族自治州,五家渠,0.00858550104
乌鲁木齐,五家渠,0.0081970509599999
克拉玛依,五家渠,0.00022628159999999999
塔城地区,五家渠,0.00022628159999999999
吐鲁番,五家渠,9.616968000000001e-05
阿拉善盟,五家渠,3.2056560000000005e-05
伊犁哈萨克自治州,五家渠,3.2056560000000005e-05
博尔塔拉蒙古自治州,五家渠,3.2056560000000005e-05
哈密,五家渠,3.2056560000000005e-05
阿克苏地区,五家渠,3.2056560000000005e-05
海西蒙古族藏族自治州,五家渠,3.2056560000000005e-05
巴彦淖尔,五家渠,3.2056560000000005e-05
鄂尔多斯,滨州,0.0011060582400000002
赤峰,滨州,0.00073737216
包头,滨州,0.00063203328
通辽,滨州,0.00047402496
红河哈尼族彝族自治州,滨州,0.0002633472
湘西土家族苗族自治州,泉州,0.0147774132
黔西南布依族苗族自治州,泉州,0.0120247578
黔东南苗族侗族自治州,泉州,0.0097067322
黔南布依族苗族自治州,泉州,0.0070989534
文山壮族苗族自治州,泉州,0.003621915
桂林,泉州,0.0031872852000000003
南宁,泉州,0.0024629022
百色,泉州,0.0020282724
柳州,泉州,0.0015936426000000001
河池,泉州,0.001448766
玉林,惠州,0.02695862736
河池,惠州,0.0151061274
百色,惠州,0.014408921519999998
文山壮族苗族自治州,惠州,0.01231730388
南宁,惠州,0.01231730388
黔南布依族苗族自治州,惠州,0.01185249996
黔西南布依族苗族自治州,惠州,0.01185249996
钦州,惠州,0.011155294080000001
黔东南苗族侗族自治州,惠州,0.010690490159999998
贵港,惠州,0.0099932842799999
贺州,惠州,0.00790166664
桂林,惠州,0.007204460759999999
柳州,惠州,0.0065072548800000005
来宾,惠州,0.0065072548800000005
梧州,惠州,0.005810049
红河哈尼族彝族自治州,惠州,0.00488044116
崇左,惠州,0.0046480392
湘西土家族苗族自治州,惠州,0.0032536274400000002
北海,惠州,0.00255642156
赤峰,衡水,0.0005159699999999
包头,衡水,0.00031752
乌兰察布,衡水,0.00031752
鄂尔多斯,衡水,0.00027783
湘西土家族苗族自治州,衡水,0.00027783
桂林,商丘,0.001040526
银川,商丘,0.00048557879999999997
黔南布依族苗族自治州,商丘,0.00048557879999999997
黔南布依族苗族自治州,潮州,0.012752785800000001
黔东南苗族侗族自治州,潮州,0.007603547759999999
湘西土家族苗族自治州,潮州,0.00563047524
河池,潮州,0.0038498976
百色,潮州,0.00356115528
崇左,潮州,0.0024543097199999
南宁,潮州,0.00178057764
桂林,潮州,0.0014437116
黔西南布依族苗族自治州,潮州,0.0012030930000000001
文山壮族苗族自治州,潮州,0.00086622696
玉林,潮州,0.00076997952
贵港,潮州,0.00067373208
来宾,潮州,0.0005774846400000001
贺州,潮州,0.00043311348
柳州,潮州,0.00033686604
琼中黎族苗族自治县,屯昌县,0.006669621
乐东黎族自治县,屯昌县,0.000642978
白沙黎族自治县,屯昌县,0.00038782800000000006
陵水黎族自治县,屯昌县,0.00038782800000000006
湘西土家族苗族自治州,屯昌县,0.00019391400000000003
玉林,屯昌县,0.000158193
保亭黎族苗族自治县,屯昌县,0.000127575
昌江黎族自治县,屯昌县,0.000127575
南宁,屯昌县,6.123600000000001e-05
黔南布依族苗族自治州,屯昌县,6.123600000000001e-05
河池,屯昌县,3.0618000000000004e-05
防城港,屯昌县,3.0618000000000004e-05
贵港,十堰,9.561888000000004e-05
包头,十堰,6.187104000000002e-05
乌鲁木齐,十堰,2.8123200000000012e-05
阿拉善盟,武威,0.005312239200000001
临夏回族自治州,武威,0.00381316896
乌鲁木齐,武威,0.00141174576
中卫,武威,0.00129531312
银川,武威,0.0008004744
哈密,武威,0.0007713662400000001
昌吉回族自治州,武威,0.00061127136
吴忠,武威,0.00053850096
阿克苏地区,武威,0.0004802846400000001
巴彦淖尔,武威,0.00045117648
鄂尔多斯,武威,0.00040751424
巴音郭楞蒙古自治州,武威,0.0002910816
海北藏族自治州,武威,0.00024741936
乌海,武威,0.00024741936
甘南藏族自治州,武威,0.00024741936
包头,武威,0.0002183112
呼和浩特,武威,0.00018920304000000001
伊犁哈萨克自治州,武威,0.0001164326399999
赤峰,武威,0.0001164326399999
喀什地区,武威,0.0001164326399999
海西蒙古族藏族自治州,武威,8.732448e-05
湘西土家族苗族自治州,武威,8.732448e-05
塔城地区,武威,8.732448e-05
拉萨,武威,8.732448e-05
文山壮族苗族自治州,漳州,0.0026057052
湘西土家族苗族自治州,漳州,0.0022334616
黔东南苗族侗族自治州,漳州,0.0022334616
黔南布依族苗族自治州,漳州,0.001861218
黔西南布依族苗族自治州,漳州,0.0011167308
北海,漳州,0.0008189359199999
南宁,漳州,0.0008189359199999
玉林,漳州,0.0006700384799999
桂林,漳州,0.00059558976
贺州,漳州,0.0005211410400000001
贵港,漳州,0.0005211410400000001
河池,漳州,0.0004466923199999
巴音郭楞蒙古自治州,和田地区,0.0017151911999999999
阿克苏地区,和田地区,0.0016185257999999998
乌鲁木齐,和田地区,0.001164942
喀什地区,和田地区,0.001003833
阿拉尔,和田地区,0.000161109
昌吉回族自治州,和田地区,0.0001288872
巴彦淖尔,和田地区,9.666540000000001e-05
吐鲁番,和田地区,6.444360000000001e-05
博尔塔拉蒙古自治州,和田地区,6.444360000000001e-05
塔城地区,和田地区,6.444360000000001e-05
伊犁哈萨克自治州,和田地区,6.444360000000001e-05
阿里地区,和田地区,3.2221800000000004e-05
红河哈尼族彝族自治州,和田地区,3.2221800000000004e-05
黔东南苗族侗族自治州,和田地区,3.2221800000000004e-05
黔南布依族苗族自治州,湘潭,0.007420170240000001
黔西南布依族苗族自治州,湘潭,0.0035923046399999
湘西土家族苗族自治州,湘潭,0.0027678412800000002
黔东南苗族侗族自治州,湘潭,0.00247339008
桂林,湘潭,0.00141336576
南宁,湘潭,0.00064779264
楚雄彝族自治州,湘潭,0.00047112192000000003
贺州,湘潭,0.00047112192000000003
柳州,湘潭,0.00017667072
红河哈尼族彝族自治州,湘潭,0.00017667072
兴安盟,白城,0.02649037608
通辽,白城,0.00485135244
赤峰,白城,0.00132309612
呼伦贝尔,白城,0.0009958788
延边朝鲜族自治州,白城,0.00018494892
呼和浩特,白城,0.00012804156
保亭黎族苗族自治县,白城,8.536103999999999e-05
鄂尔多斯,白城,5.690736e-05
锡林郭勒盟,白城,2.845368e-05
呼伦贝尔,哈尔滨,0.00504350064
西双版纳傣族自治州,哈尔滨,0.0011312524800000002
乐东黎族自治县,哈尔滨,0.00108411696
通辽,哈尔滨,0.00108411696
延边朝鲜族自治州,哈尔滨,0.0007070328
赤峰,哈尔滨,0.00061276176
陵水黎族自治县,哈尔滨,0.0004713552
兴安盟,哈尔滨,0.0004713552
鄂尔多斯,哈尔滨,0.00032994864000000004
南宁,哈尔滨,0.00028281312000000004
呼和浩特,哈尔滨,0.00028281312000000004
保亭黎族苗族自治县,哈尔滨,0.0002356776
黔东南苗族侗族自治州,杭州,0.02622050352
湘西土家族苗族自治州,杭州,0.0171937728
文山壮族苗族自治州,杭州,0.00902673072
黔南布依族苗族自治州,杭州,0.0085968864
桂林,杭州,0.00601782048
鄂尔多斯,包头,0.08097579072000001
呼和浩特,包头,0.07246304063999999
巴彦淖尔,包头,0.05086717056
乌兰察布,包头,0.03307412736
乌海,包头,0.00404704512
赤峰,包头,0.00359349696
锡林郭勒盟,包头,0.0030003955199999995
通辽,包头,0.0012210912
阿拉善盟,包头,0.0008373196799999999
银川,包头,0.00066287808
石嘴山,包头,0.0005582131200000001
兴安盟,包头,0.0005233248
吴忠,包头,0.00045354815999999997
呼伦贝尔,包头,0.00031399487999999996
固原,包头,0.00020932991999999997
中卫,商洛,0.00020907720000000002
桂林,商洛,0.0001858463999999
固原,商洛,0.0001858463999999
鄂尔多斯,商洛,0.0001393848
海南藏族自治州,西宁,0.05049527364
海北藏族自治州,西宁,0.03868951716
海西蒙古族藏族自治州,西宁,0.038625355439999995
黄南藏族自治州,西宁,0.01693869408
临夏回族自治州,西宁,0.00827686188
玉树藏族自治州,西宁,0.00603120168
果洛藏族自治州,西宁,0.0041705118
银川,西宁,0.00102658752
巴彦淖尔,西宁,0.00083410236
拉萨,西宁,0.00076994064
包头,西宁,0.0007057789200000001
中卫,西宁,0.00051329376
吴忠,西宁,0.00044913204000000004
甘南藏族自治州,西宁,0.00044913204000000004
呼和浩特,西宁,0.00044913204000000004
石嘴山,西宁,0.00038497032
鄂尔多斯,邯郸,0.00106523424
通辽,邯郸,0.0006727795199999
乌兰察布,邯郸,0.0003363897599999
呼和浩特,邯郸,0.0002803248
包头,鄂尔多斯,0.12810704364
乌海,鄂尔多斯,0.0958958676
呼和浩特,鄂尔多斯,0.08056892124
巴彦淖尔,鄂尔多斯,0.0442596312
乌兰察布,鄂尔多斯,0.01532694636
银川,鄂尔多斯,0.015244984080000001
石嘴山,鄂尔多斯,0.00934369992
吴忠,鄂尔多斯,0.005983246439999999
赤峰,鄂尔多斯,0.00385222716
阿拉善盟,鄂尔多斯,0.00254083068
中卫,鄂尔多斯,0.0024588684
通辽,鄂尔多斯,0.0016392455999999999
固原,鄂尔多斯,0.00147532104
锡林郭勒盟,鄂尔多斯,0.00131139648
呼伦贝尔,鄂尔多斯,0.00114747192
兴安盟,鄂尔多斯,0.00090158508
鄂尔多斯,运城,0.000906228
固原,运城,0.00039874032
北海,运城,0.0003624912
乌兰察布,运城,0.00032624208
海南藏族自治州,海西蒙古族藏族自治州,0.00382272696
拉萨,海西蒙古族藏族自治州,0.0030044844
玉树藏族自治州,海西蒙古族藏族自治州,0.0026848584
临夏回族自治州,海西蒙古族藏族自治州,0.00235244736
海北藏族自治州,海西蒙古族藏族自治州,0.0017771205599999
那曲,海西蒙古族藏族自治州,0.00152141976
巴音郭楞蒙古自治州,海西蒙古族藏族自治州,0.00125293392
中卫,海西蒙古族藏族自治州,0.0008310275999999999
银川,海西蒙古族藏族自治州,0.0005114016000000001
哈密,海西蒙古族藏族自治州,0.00034519608
日喀则,海西蒙古族藏族自治州,0.00025570080000000004
赤峰,海西蒙古族藏族自治州,0.00021734568
吴忠,海西蒙古族藏族自治州,0.00021734568
呼和浩特,海西蒙古族藏族自治州,0.00015342048
黄南藏族自治州,海西蒙古族藏族自治州,0.00012785040000000002
果洛藏族自治州,海西蒙古族藏族自治州,8.949528000000003e-05
昌都,海西蒙古族藏族自治州,8.949528000000003e-05
乌海,海西蒙古族藏族自治州,8.949528000000003e-05
大理白族自治州,临沧,0.03776262768
楚雄彝族自治州,临沧,0.00300074544
西双版纳傣族自治州,临沧,0.00226030176
德宏傣族景颇族自治州,临沧,0.00220184568
红河哈尼族彝族自治州,临沧,0.00153934344
文山壮族苗族自治州,临沧,0.0006040461599999
怒江傈僳族自治州,临沧,0.00046764864
凉山彝族自治州,临沧,0.00044816328000000003
黔西南布依族苗族自治州,临沧,0.00027279504
黔东南苗族侗族自治州,临沧,0.00021433896000000002
南宁,临沧,0.00021433896000000002
昌江黎族自治县,临沧,0.00017536824
玉林,临沧,0.00015588288000000002
桂林,临沧,0.00015588288000000002
百色,临沧,0.00015588288000000002
贵港,临沧,0.00011691216
黔南布依族苗族自治州,临沧,7.794144000000001e-05
呼伦贝尔,黑河,0.0016822209600000002
包头,黑河,6.294024000000001e-05
柳州,黑河,3.1470120000000004e-05
白沙黎族自治县,黑河,3.1470120000000004e-05
防城港,黑河,3.1470120000000004e-05
锡林郭勒盟,黑河,3.1470120000000004e-05
黔西南布依族苗族自治州,邵阳,0.0196299287999999
黔南布依族苗族自治州,邵阳,0.0162357048
桂林,邵阳,0.0139728888
黔东南苗族侗族自治州,邵阳,0.0115403615999999
湘西土家族苗族自治州,邵阳,0.0044690616
柳州,邵阳,0.0018102527999999
河池,邵阳,0.0013576896
南宁,邵阳,0.0011879783999999
文山壮族苗族自治州,邵阳,0.0009051263999999
贵港,邵阳,0.000565704
来宾,邵阳,0.000565704
贺州,邵阳,0.0005091336
梧州,邵阳,0.0005091336
百色,邵阳,0.0004525631999999
玉林,邵阳,0.0003959928
红河哈尼族彝族自治州,邵阳,0.000282852
北海,邵阳,0.000282852
湘西土家族苗族自治州,淮北,0.0001640411999999
湘西土家族苗族自治州,张家界,0.0400637016
恩施土家族苗族自治州,张家界,0.0018020620800000002
黔南布依族苗族自治州,张家界,0.00025743744
桂林,张家界,0.00022525776000000003
南宁,张家界,0.00019307808000000002
梧州,张家界,0.00012871872
黔东南苗族侗族自治州,张家界,9.653904000000001e-05
柳州,张家界,6.435936e-05
赤峰,沧州,0.0020003759999999
鄂尔多斯,沧州,0.0008573039999999
乌兰察布,沧州,0.0007429968
呼和浩特,沧州,0.000571536
通辽,沧州,0.000571536
赤峰,淄博,0.00057890052
桂林,淄博,0.00031576392000000006
来宾,连云港,0.00031627584
通辽,连云港,0.00031627584
包头,连云港,0.00027674136
通辽,本溪,0.00051808896
赤峰,本溪,0.00038174976
延边朝鲜族自治州,本溪,0.00012270528
兴安盟,本溪,5.453568e-05
乌兰察布,本溪,5.453568e-05
北海,本溪,5.453568e-05
鄂尔多斯,本溪,5.453568e-05
拉萨,本溪,2.726784e-05
石嘴山,本溪,2.726784e-05
防城港,本溪,2.726784e-05
红河哈尼族彝族自治州,文山壮族苗族自治州,0.10808754372000001
百色,文山壮族苗族自治州,0.0459798767999999
南宁,文山壮族苗族自治州,0.00358782372
玉林,文山壮族苗族自治州,0.00341365752
楚雄彝族自治州,文山壮族苗族自治州,0.00320465808
大理白族自治州,文山壮族苗族自治州,0.0025776597600000004
黔西南布依族苗族自治州,文山壮族苗族自治州,0.0021596608800000003
钦州,文山壮族苗族自治州,0.0015674958
西双版纳傣族自治州,文山壮族苗族自治州,0.0014978293199999
凉山彝族自治州,文山壮族苗族自治州,0.00125399664
河池,文山壮族苗族自治州,0.00125399664
崇左,文山壮族苗族自治州,0.0010449971999999
北海,文山壮族苗族自治州,0.0009056642399999
贵港,文山壮族苗族自治州,0.0009056642399999
柳州,文山壮族苗族自治州,0.0008708310000000001
桂林,文山壮族苗族自治州,0.0007663312799999
防城港,文山壮族苗族自治州,0.0006618315599999
黔南布依族苗族自治州,文山壮族苗族自治州,0.00038316563999999997
梧州,文山壮族苗族自治州,0.0003483324
乐东黎族自治县,文山壮族苗族自治州,0.00027866592
德宏傣族景颇族自治州,文山壮族苗族自治州,0.00024383267999999997
来宾,文山壮族苗族自治州,0.00020899944
延边朝鲜族自治州,丹东,0.0004504896
赤峰,丹东,0.000153576
通辽,丹东,0.0001228608
呼伦贝尔,丹东,0.0001228608
鄂尔多斯,丹东,9.21456e-05
兴安盟,丹东,6.14304e-05
包头,丹东,6.14304e-05
黔南布依族苗族自治州,丹东,6.14304e-05
桂林,丹东,3.07152e-05
乌海,丹东,3.07152e-05
来宾,丹东,3.07152e-05
西双版纳傣族自治州,丹东,3.07152e-05
陵水黎族自治县,丹东,3.07152e-05
伊犁哈萨克自治州,博尔塔拉蒙古自治州,0.0022676176800000003
乌鲁木齐,博尔塔拉蒙古自治州,0.00058220856
塔城地区,博尔塔拉蒙古自治州,0.0005183870400000001
昌吉回族自治州,博尔塔拉蒙古自治州,0.00016150752
哈密,博尔塔拉蒙古自治州,0.00012894552
克拉玛依,博尔塔拉蒙古自治州,9.638351999999997e-05
石河子,博尔塔拉蒙古自治州,9.638351999999997e-05
五家渠,博尔塔拉蒙古自治州,6.382152e-05
中卫,博尔塔拉蒙古自治州,3.125952e-05
鄂尔多斯,博尔塔拉蒙古自治州,3.125952e-05
吐鲁番,博尔塔拉蒙古自治州,3.125952e-05
阿勒泰地区,博尔塔拉蒙古自治州,3.125952e-05
和田地区,博尔塔拉蒙古自治州,3.125952e-05
巴音郭楞蒙古自治州,博尔塔拉蒙古自治州,3.125952e-05
通辽,葫芦岛,0.00311810472
赤峰,葫芦岛,0.0023681807999999
呼伦贝尔,葫芦岛,0.00110515104
延边朝鲜族自治州,葫芦岛,0.00106568136
兴安盟,葫芦岛,0.00051310584
鄂尔多斯,葫芦岛,0.00043416648
乌兰察布,葫芦岛,0.00015787872
呼和浩特,葫芦岛,0.00015787872
北海,濮阳,0.0003555251999999
鄂尔多斯,濮阳,0.0001777625999999
红河哈尼族彝族自治州,濮阳,0.0001777625999999
延边朝鲜族自治州,威海,0.00056757024
通辽,威海,0.0003153168
鄂尔多斯,威海,0.0003153168
呼伦贝尔,威海,0.0002522534399999
桂林,威海,0.0002522534399999
梧州,肇庆,0.027991947599999997
贺州,肇庆,0.01801220976
贵港,肇庆,0.015578127360000001
百色,肇庆,0.0141176779199999
河池,肇庆,0.00949292136
玉林,肇庆,0.0091683770399999
南宁,肇庆,0.008762696640000001
文山壮族苗族自治州,肇庆,0.008032471920000001
黔东南苗族侗族自治州,肇庆,0.00616634208
黔南布依族苗族自治州,肇庆,0.0057606616799999
黔西南布依族苗族自治州,肇庆,0.005679525600000001
桂林,肇庆,0.00543611736
钦州,肇庆,0.0048681648
柳州,肇庆,0.004219076160000001
来宾,肇庆,0.0034077153600000003
湘西土家族苗族自治州,肇庆,0.00227181024
崇左,肇庆,0.0016227216000000001
北海,肇庆,0.00040568040000000003
防城港,肇庆,0.00040568040000000003
红河哈尼族彝族自治州,肇庆,0.00032454432
阿拉善盟,平顶山,0.00058129488
黔西南布依族苗族自治州,平顶山,0.00029064744
南宁,平顶山,0.00024220619999999998
桂林,平顶山,0.00024220619999999998
桂林,蚌埠,0.0003391016399999
黔南布依族苗族自治州,镇江,0.00064942236
凉山彝族自治州,泸州,0.0012816144
黔南布依族苗族自治州,泸州,0.0009903384
桂林,泸州,0.0006408072
黔西南布依族苗族自治州,泸州,0.000582552
南宁,泸州,0.00046604160000000003
文山壮族苗族自治州,泸州,0.00046604160000000003
北海,泸州,0.0004077864
黔东南苗族侗族自治州,泸州,0.0004077864
大理白族自治州,泸州,0.00034953120000000005
红河哈尼族彝族自治州,泸州,0.000291276
西双版纳傣族自治州,泸州,0.00023302080000000002
拉萨,泸州,0.00017476560000000003
德宏傣族景颇族自治州,泸州,0.00017476560000000003
柳州,泸州,0.00017476560000000003
楚雄彝族自治州,泸州,0.00011651040000000001
百色,黔西南布依族苗族自治州,0.0495244400399999
黔南布依族苗族自治州,黔西南布依族苗族自治州,0.0123703718399999
黔东南苗族侗族自治州,黔西南布依族苗族自治州,0.0065288073600000005
红河哈尼族彝族自治州,黔西南布依族苗族自治州,0.00274897152
南宁,黔西南布依族苗族自治州,0.00227649204
大理白族自治州,黔西南布依族苗族自治州,0.0017181072
文山壮族苗族自治州,黔西南布依族苗族自治州,0.00124562772
河池,黔西南布依族苗族自治州,0.0012026750400000001
凉山彝族自治州,黔西南布依族苗族自治州,0.0011597223599999
钦州,黔西南布依族苗族自治州,0.0010308643199999
玉林,黔西南布依族苗族自治州,0.00068724288
贵港,黔西南布依族苗族自治州,0.0006442901999999
楚雄彝族自治州,黔西南布依族苗族自治州,0.0006442901999999
桂林,黔西南布依族苗族自治州,0.00055838484
西双版纳傣族自治州,黔西南布依族苗族自治州,0.00038657412000000005
德宏傣族景颇族自治州,黔西南布依族苗族自治州,0.00025771607999999996
崇左,黔西南布依族苗族自治州,0.00025771607999999996
来宾,黔西南布依族苗族自治州,0.00025771607999999996
北海,黔西南布依族苗族自治州,0.0002147634
柳州,黔西南布依族苗族自治州,0.0002147634
湘西土家族苗族自治州,黔西南布依族苗族自治州,0.00017181072
文山壮族苗族自治州,红河哈尼族彝族自治州,0.09815446512
楚雄彝族自治州,红河哈尼族彝族自治州,0.00848007792
西双版纳傣族自治州,红河哈尼族彝族自治州,0.005604649200000001
大理白族自治州,红河哈尼族彝族自治州,0.00433751112
黔西南布依族苗族自治州,红河哈尼族彝族自治州,0.00311910912
玉林,红河哈尼族彝族自治州,0.00126713808
百色,红河哈尼族彝族自治州,0.00112092984
凉山彝族自治州,红河哈尼族彝族自治州,0.00063356904
德宏傣族景颇族自治州,红河哈尼族彝族自治州,0.0005848329599999
钦州,红河哈尼族彝族自治州,0.00053609688
南宁,红河哈尼族彝族自治州,0.0004873608
防城港,红河哈尼族彝族自治州,0.0004873608
黔东南苗族侗族自治州,红河哈尼族彝族自治州,0.0004873608
桂林,红河哈尼族彝族自治州,0.00043862472000000003
黔南布依族苗族自治州,红河哈尼族彝族自治州,0.00034115256
河池,红河哈尼族彝族自治州,0.00034115256
贵港,红河哈尼族彝族自治州,0.00034115256
崇左,红河哈尼族彝族自治州,0.0002924164799999
迪庆藏族自治州,红河哈尼族彝族自治州,0.0002436804
怒江傈僳族自治州,红河哈尼族彝族自治州,0.0002436804
黔东南苗族侗族自治州,宁德,0.0009004186799999
湘西土家族苗族自治州,宁德,0.0006830762400000001
黔南布依族苗族自治州,宁德,0.00046573379999999997
桂林,宁德,0.00046573379999999997
黔西南布依族苗族自治州,宁德,0.00043468487999999997
玉林,宁德,0.00043468487999999997
红河哈尼族彝族自治州,宁德,0.0004036359599999
百色,宁德,0.00031048919999999996
桂林,鹤壁,0.0001520532
湘西土家族苗族自治州,鹤壁,0.00012164256000000001
鄂尔多斯,鹤壁,9.123192000000002e-05
琼中黎族苗族自治县,鹤壁,9.123192000000002e-05
拉萨,鹤壁,6.0821280000000026e-05
桂林,随州,6.316056000000001e-05
赤峰,随州,2.9918160000000005e-05
巴音郭楞蒙古自治州,阿克苏地区,0.009522295200000001
阿拉尔,阿克苏地区,0.008778773520000002
喀什地区,阿克苏地区,0.00637863336
和田地区,阿克苏地区,0.0026871134399999996
乌鲁木齐,阿克苏地区,0.00210447072
伊犁哈萨克自治州,阿克苏地区,0.00116528544
克孜勒苏柯尔克孜自治州,阿克苏地区,0.0010652796000000001
图木舒克,阿克苏地区,0.00070873704
昌吉回族自治州,阿克苏地区,0.00048263687999999994
吐鲁番,阿克苏地区,0.00032175792
塔城地区,阿克苏地区,0.00029132136
石河子,阿克苏地区,0.00019131552
海西蒙古族藏族自治州,阿克苏地区,0.00012609431999999998
哈密,阿克苏地区,9.565776000000004e-05
银川,阿克苏地区,6.087312000000003e-05
阿勒泰地区,阿克苏地区,3.0436560000000013e-05
中卫,阿克苏地区,3.0436560000000013e-05
博尔塔拉蒙古自治州,阿克苏地区,3.0436560000000013e-05
克拉玛依,阿克苏地区,3.0436560000000013e-05
五家渠,阿克苏地区,3.0436560000000013e-05
南宁,德阳,0.0055218542399999996
黔南布依族苗族自治州,德阳,0.00256371804
鄂尔多斯,德阳,0.00249798168
柳州,德阳,0.00216929988
黔东南苗族侗族自治州,德阳,0.00203782716
桂林,德阳,0.0019063544399999998
黔南布依族苗族自治州,南阳,0.0005427162
鄂尔多斯,忻州,0.0249766092
呼和浩特,忻州,0.0036655092
包头,忻州,0.0025573320000000003
乌兰察布,忻州,0.0008098217999999999
巴彦淖尔,忻州,0.00046884419999999996
赤峰,忻州,0.0003409776
呼伦贝尔,忻州,0.0002983554
乌海,忻州,0.0002557331999999
楚雄彝族自治州,忻州,0.0001704888
黔东南苗族侗族自治州,厦门,0.0051622401600000005
湘西土家族苗族自治州,厦门,0.0038716801200000006
黔南布依族苗族自治州,厦门,0.00294985152
南宁,厦门,0.0018436572
临夏回族自治州,厦门,0.00165929148
黔西南布依族苗族自治州,厦门,0.00147492576
桂林,厦门,0.00147492576
红河哈尼族彝族自治州,厦门,0.00147492576
鄂尔多斯,临汾,0.002081052
银川,临汾,0.0004162104
包头,临汾,0.00037458936
乌兰察布,临汾,0.00037458936
呼和浩特,临汾,0.00033296832
凉山彝族自治州,眉山,0.00547172496
阿坝藏族羌族自治州,眉山,0.00064030824
拉萨,眉山,0.00034925904000000004
甘孜藏族自治州,眉山,0.00034925904000000004
红河哈尼族彝族自治州,眉山,0.0002910492
河池,眉山,0.00017462952000000002
桂林,眉山,0.00017462952000000002
贺州,眉山,0.00011641968
北海,眉山,0.00011641968
大理白族自治州,眉山,0.00011641968
文山壮族苗族自治州,眉山,0.00011641968
黔东南苗族侗族自治州,眉山,0.00011641968
陵水黎族自治县,眉山,0.00011641968
黔西南布依族苗族自治州,眉山,0.00011641968
楚雄彝族自治州,眉山,0.00011641968
黔南布依族苗族自治州,眉山,0.00011641968
桂林,衡阳,0.00621134244
文山壮族苗族自治州,衡阳,0.00448938612
湘西土家族苗族自治州,衡阳,0.0030749220000000003
南宁,衡阳,0.00264443292
黔南布依族苗族自治州,衡阳,0.00258293448
黔东南苗族侗族自治州,衡阳,0.0024599376
黔西南布依族苗族自治州,衡阳,0.0017219563199999998
柳州,衡阳,0.0015374610000000002
河池,衡阳,0.0014759625599999999
百色,衡阳,0.0010454734800000001
贺州,衡阳,0.0010454734800000001
来宾,衡阳,0.0007994797200000001
玉林,衡阳,0.0006149844
梧州,衡阳,0.00043048907999999994
贵港,衡阳,0.00036899063999999997
赤峰,朝阳,0.05902695828
通辽,朝阳,0.0026756405999999
鄂尔多斯,朝阳,0.0004187959199999
乌兰察布,朝阳,0.0003489965999999
锡林郭勒盟,朝阳,0.0001395986399999
呼伦贝尔,朝阳,0.0001395986399999
呼和浩特,朝阳,0.0001395986399999
延边朝鲜族自治州,朝阳,0.0001163322
兴安盟,朝阳,0.0001163322
南宁,朝阳,4.6532879999999995e-05
巴彦淖尔,朝阳,4.6532879999999995e-05
南宁,绵阳,0.0050466628799999
黔南布依族苗族自治州,绵阳,0.00234309348
鄂尔多斯,绵阳,0.00228301416
柳州,绵阳,0.0019826175600000003
黔东南苗族侗族自治州,绵阳,0.00186245892
桂林,绵阳,0.0017423002800000002
海南藏族自治州,海北藏族自治州,0.0031383936
海西蒙古族藏族自治州,海北藏族自治州,0.0016182342000000001
临夏回族自治州,海北藏族自治州,0.0002549944799999
黄南藏族自治州,海北藏族自治州,0.00018634212
昌吉回族自治州,海北藏族自治州,8.826732000000001e-05
甘南藏族自治州,海北藏族自治州,2.942244e-05
桂林,海北藏族自治州,2.942244e-05
果洛藏族自治州,海北藏族自治州,2.942244e-05
中卫,海北藏族自治州,2.942244e-05
包头,海北藏族自治州,2.942244e-05
鄂尔多斯,海北藏族自治州,2.942244e-05
巴音郭楞蒙古自治州,海北藏族自治州,2.942244e-05
吴忠,海北藏族自治州,2.942244e-05
贺州,清远,0.00811635552
玉林,清远,0.0044509046399999995
桂林,清远,0.0039272688
贵港,清远,0.0031418150399999995
湘西土家族苗族自治州,清远,0.0029672697600000002
南宁,清远,0.00287999712
梧州,清远,0.00270545184
河池,清远,0.0026181792
黔东南苗族侗族自治州,清远,0.00235636128
文山壮族苗族自治州,清远,0.00226908864
百色,清远,0.002181816
钦州,清远,0.0018327254399999
黔南布依族苗族自治州,清远,0.00122181696
来宾,清远,0.0008727264
崇左,清远,0.00061090848
黔西南布依族苗族自治州,清远,0.00061090848
柳州,清远,0.0005236358400000001
北海,清远,0.0005236358400000001
防城港,清远,0.0004363632
吴忠,信阳,0.0003645064799999
桂林,信阳,0.0003364675199999
陵水黎族自治县,郑州,0.0014975442
贵港,中山,0.1556860564799999
玉林,中山,0.06948699696
梧州,中山,0.06714144432000001
钦州,中山,0.04749744096
贺州,中山,0.04632466464
南宁,中山,0.04573827648
百色,中山,0.0454450824
河池,中山,0.03635606592
来宾,中山,0.0225759441599999
文山壮族苗族自治州,中山,0.02140316784
桂林,中山,0.0167120625599999
崇左,中山,0.01641886848
黔东南苗族侗族自治州,中山,0.014952898080000002
柳州,中山,0.01231415136
黔南布依族苗族自治州,中山,0.00996859872
黔西南布依族苗族自治州,中山,0.0073298519999999
北海,中山,0.00381152304
湘西土家族苗族自治州,中山,0.00381152304
红河哈尼族彝族自治州,中山,0.00205235856
防城港,中山,0.00205235856
桂林,永州,0.027495624960000003
贺州,永州,0.019970064
文山壮族苗族自治州,永州,0.0037838015999999996
湘西土家族苗族自治州,永州,0.0026486611199999996
南宁,永州,0.00227028096
柳州,永州,0.0018498585600000004
黔东南苗族侗族自治州,永州,0.0015135206400000002
梧州,永州,0.0012612672
黔西南布依族苗族自治州,永州,0.00088288704
黔南布依族苗族自治州,永州,0.0008408447999999999
来宾,永州,0.0007567603200000001
河池,永州,0.00071471808
贵港,永州,0.0006726758400000001
玉林,永州,0.0005885913599999
百色,永州,0.0005465491200000001
崇左,永州,0.0005465491200000001
北海,永州,0.00033633792000000004
南宁,百色,0.1230720479999999
文山壮族苗族自治州,百色,0.0669917951999999
黔西南布依族苗族自治州,百色,0.0613583942399999
河池,百色,0.0530351711999999
崇左,百色,0.0176107219199999
玉林,百色,0.0131446022399999
钦州,百色,0.0109115423999999
贵港,百色,0.0066991795199999
桂林,百色,0.0066991795199999
柳州,百色,0.0054303955199999
梧州,百色,0.00416161152
来宾,百色,0.0040093574399999
黔南布依族苗族自治州,百色,0.0034003411200000003
北海,百色,0.0030958329600000003
防城港,百色,0.0028420761600000005
大理白族自治州,百色,0.00274057344
红河哈尼族彝族自治州,百色,0.00233456256
楚雄彝族自治州,百色,0.00187780032
凉山彝族自治州,百色,0.0008627731199999
贺州,百色,0.0006090163199999
黔东南苗族侗族自治州,百色,0.0004567622399999
文山壮族苗族自治州,湖州,0.010963836000000001
黔南布依族苗族自治州,湖州,0.00964817568
黔东南苗族侗族自治州,湖州,0.00427589604
湘西土家族苗族自治州,湖州,0.00186385212
湘西土家族苗族自治州,恩施土家族苗族自治州,0.01680747408
黔西南布依族苗族自治州,恩施土家族苗族自治州,0.0001201392
凉山彝族自治州,恩施土家族苗族自治州,9.611136e-05
延边朝鲜族自治州,恩施土家族苗族自治州,9.611136e-05
桂林,恩施土家族苗族自治州,9.611136e-05
贺州,恩施土家族苗族自治州,6.006960000000001e-05
南宁,恩施土家族苗族自治州,6.006960000000001e-05
中卫,恩施土家族苗族自治州,6.006960000000001e-05
崇左,恩施土家族苗族自治州,2.402784000000001e-05
玉林,东莞,0.1964321118
钦州,东莞,0.1516318056
河池,东莞,0.08546519952
贵港,东莞,0.0806405511599999
南宁,东莞,0.07512666732
百色,东莞,0.07099125444
文山壮族苗族自治州,东莞,0.06409889964
黔东南苗族侗族自治州,东莞,0.053071131960000004
梧州,东莞,0.0448003062
黔西南布依族苗族自治州,东莞,0.043421835240000005
黔南布依族苗族自治州,东莞,0.04273259976
桂林,东莞,0.0351510094799999
来宾,东莞,0.03308330304
贺州,东莞,0.03239406756
崇左,东莞,0.03170483208
柳州,东莞,0.02619094824
湘西土家族苗族自治州,东莞,0.01309547412
红河哈尼族彝族自治州,东莞,0.01309547412
防城港,东莞,0.0124062386399999
北海,东莞,0.0124062386399999
红河哈尼族彝族自治州,泰州,0.00046432440000000004
黔南布依族苗族自治州,泰州,0.00046432440000000004
凉山彝族自治州,安康,0.000318816
黔西南布依族苗族自治州,安康,0.00027896400000000003
大理白族自治州,鹤岗,0.00029094552
呼伦贝尔,鹤岗,0.00012821328
呼和浩特,鹤岗,9.615996000000004e-05
陵水黎族自治县,鹤岗,3.205332e-05
陵水黎族自治县,万宁,0.0097188821999999
琼中黎族苗族自治县,万宁,0.0015873246
乐东黎族自治县,万宁,0.0013274118
保亭黎族苗族自治县,万宁,0.0010303686
白沙黎族自治县,万宁,0.0005755212
玉林,万宁,0.0004177169999999
河池,万宁,0.0003805866
昌江黎族自治县,万宁,0.0003527387999999
南宁,万宁,0.00012067379999999999
桂林,万宁,0.00012067379999999999
柳州,万宁,5.56956e-05
文山壮族苗族自治州,万宁,5.56956e-05
呼和浩特,万宁,5.56956e-05
钦州,万宁,5.56956e-05
北海,万宁,5.56956e-05
包头,万宁,2.78478e-05
梧州,万宁,2.78478e-05
银川,万宁,2.78478e-05
凉山彝族自治州,攀枝花,0.06965291736000001
楚雄彝族自治州,攀枝花,0.008415576
大理白族自治州,攀枝花,0.0007433758800000001
德宏傣族景颇族自治州,攀枝花,0.0002805192
甘孜藏族自治州,攀枝花,0.00025246728
贵港,攀枝花,8.415576000000001e-05
西双版纳傣族自治州,攀枝花,8.415576000000001e-05
黔南布依族苗族自治州,攀枝花,8.415576000000001e-05
南宁,攀枝花,5.610384000000001e-05
玉林,攀枝花,5.610384000000001e-05
桂林,攀枝花,5.610384000000001e-05
黔西南布依族苗族自治州,攀枝花,5.610384000000001e-05
拉萨,攀枝花,5.610384000000001e-05
钦州,攀枝花,5.610384000000001e-05
乌兰察布,攀枝花,2.8051920000000013e-05
延边朝鲜族自治州,白山,0.0039520224
陵水黎族自治县,白山,6.14304e-05
乐东黎族自治县,白山,6.14304e-05
德宏傣族景颇族自治州,白山,6.14304e-05
赤峰,白山,6.14304e-05
昌江黎族自治县,白山,6.14304e-05
锡林郭勒盟,白山,2.866752e-05
呼伦贝尔,白山,2.866752e-05
乌兰察布,白山,2.866752e-05
黔东南苗族侗族自治州,白山,2.866752e-05
陵水黎族自治县,琼海,0.00375515028
琼中黎族苗族自治县,琼海,0.00139039092
乐东黎族自治县,琼海,0.00122617152
昌江黎族自治县,琼海,0.0007116174
保亭黎族苗族自治县,琼海,0.000547398
白沙黎族自治县,琼海,0.00044886636
百色,琼海,0.00021895919999999998
呼和浩特,琼海,0.00018611531999999998
玉林,琼海,0.00015327144
河池,琼海,0.00012042756000000002
钦州,琼海,0.00012042756000000002
南宁,琼海,0.00012042756000000002
柳州,琼海,8.758368000000001e-05
来宾,琼海,8.758368000000001e-05
北海,琼海,8.758368000000001e-05
临夏回族自治州,琼海,5.473980000000002e-05
巴彦淖尔,琼海,5.473980000000002e-05
桂林,琼海,5.473980000000002e-05
黔东南苗族侗族自治州,琼海,2.1895920000000006e-05
克孜勒苏柯尔克孜自治州,喀什地区,0.00994478472
图木舒克,喀什地区,0.0046323576
阿克苏地区,喀什地区,0.0045009432
和田地区,喀什地区,0.0031736577600000003
乌鲁木齐,喀什地区,0.0015539752800000002
巴音郭楞蒙古自治州,喀什地区,0.0007096377599999
昌吉回族自治州,喀什地区,0.00028911168
伊犁哈萨克自治州,喀什地区,0.00019383624
哈密,喀什地区,0.00012812904
阿拉尔,喀什地区,9.527544e-05
塔城地区,喀什地区,6.242184e-05
阿里地区,喀什地区,6.242184e-05
陵水黎族自治县,喀什地区,2.9568239999999995e-05
固原,喀什地区,2.9568239999999995e-05
黔东南苗族侗族自治州,喀什地区,2.9568239999999995e-05
吴忠,喀什地区,2.9568239999999995e-05
石河子,喀什地区,2.9568239999999995e-05
克拉玛依,喀什地区,2.9568239999999995e-05
西双版纳傣族自治州,喀什地区,2.9568239999999995e-05
百色,喀什地区,2.9568239999999995e-05
铁门关,喀什地区,2.9568239999999995e-05
黔东南苗族侗族自治州,绍兴,0.01371364668
黔南布依族苗族自治州,绍兴,0.009911843640000001
湘西土家族苗族自治州,绍兴,0.00964028628
柳州,绍兴,0.00366602436
黔西南布依族苗族自治州,绍兴,0.003394467
来宾,绍兴,0.0024440162399999997
河池,绍兴,0.0024440162399999997
文山壮族苗族自治州,绍兴,0.00217245888
银川,石嘴山,0.10548219816
鄂尔多斯,石嘴山,0.0125593091999999
乌海,石嘴山,0.00812755296
吴忠,石嘴山,0.0047837368799999
固原,石嘴山,0.00364779936
中卫,石嘴山,0.00339181344
阿拉善盟,石嘴山,0.0026238556799999
巴彦淖尔,石嘴山,0.00209588472
包头,石嘴山,0.00083195424
乌兰察布,石嘴山,0.00022398767999999998
呼和浩特,石嘴山,0.00019198944
海西蒙古族藏族自治州,石嘴山,9.599472e-05
赤峰,石嘴山,6.399648e-05
湘西土家族苗族自治州,石嘴山,6.399648e-05
南宁,石嘴山,6.399648e-05
锡林郭勒盟,石嘴山,6.399648e-05
伊犁哈萨克自治州,石嘴山,3.199824e-05
黔南布依族苗族自治州,金华,0.0337488606
黔西南布依族苗族自治州,金华,0.030953097000000002
黔东南苗族侗族自治州,金华,0.028956122999999997
湘西土家族苗族自治州,金华,0.0203691348
桂林,金华,0.0053918298
文山壮族苗族自治州,金华,0.0051921324
河池,金华,0.0037942506
红河哈尼族彝族自治州,金华,0.0025960662
海南藏族自治州,黄南藏族自治州,0.00864698976
甘南藏族自治州,黄南藏族自治州,0.0028157414399999996
临夏回族自治州,黄南藏族自治州,0.0016171487999999
海北藏族自治州,黄南藏族自治州,0.0006088089599999
果洛藏族自治州,黄南藏族自治州,0.00044709407999999994
玉树藏族自治州,黄南藏族自治州,0.0003519676799999
海西蒙古族藏族自治州,黄南藏族自治州,0.0001617148799999
鄂尔多斯,黄南藏族自治州,2.8537919999999995e-05
黔南布依族苗族自治州,遵义,0.04272627204
黔东南苗族侗族自治州,遵义,0.0254021799599999
黔西南布依族苗族自治州,遵义,0.0079807615199999
桂林,遵义,0.0018492008399999997
南宁,遵义,0.00116791632
凉山彝族自治州,遵义,0.0009732636
河池,遵义,0.0009732636
湘西土家族苗族自治州,遵义,0.00087593724
红河哈尼族彝族自治州,遵义,0.0007786108800000001
文山壮族苗族自治州,遵义,0.00058395816
柳州,遵义,0.00058395816
玉林,遵义,0.0004866318
北海,遵义,0.0004866318
百色,遵义,0.0004866318
乌兰察布,呼和浩特,0.15284852928
包头,呼和浩特,0.08765373527999999
鄂尔多斯,呼和浩特,0.07328427048
巴彦淖尔,呼和浩特,0.03129350112
锡林郭勒盟,呼和浩特,0.02139453648
赤峰,呼和浩特,0.01484844696
通辽,呼和浩特,0.010324726559999999
呼伦贝尔,呼和浩特,0.00670575024
乌海,呼和浩特,0.005694565679999999
兴安盟,呼和浩特,0.0036189763200000003
阿拉善盟,呼和浩特,0.0023949108
银川,呼和浩特,0.0009579643199999999
陵水黎族自治县,呼和浩特,0.00031932144
通辽,辽阳,0.00066060036
兴安盟,辽阳,0.00056622888
赤峰,辽阳,0.00044040024000000004
包头,辽阳,0.00012582864
呼伦贝尔,辽阳,0.00012582864
南宁,辽阳,9.437148000000001e-05
保亭黎族苗族自治县,辽阳,9.437148000000001e-05
桂林,辽阳,6.291432000000001e-05
北海,辽阳,6.291432000000001e-05
乌鲁木齐,辽阳,6.291432000000001e-05
西双版纳傣族自治州,辽阳,6.291432000000001e-05
崇左,辽阳,3.1457160000000005e-05
红河哈尼族彝族自治州,辽阳,3.1457160000000005e-05
凉山彝族自治州,辽阳,3.1457160000000005e-05
桂林,洛阳,0.0004075919999999
通辽,烟台,0.00128246004
延边朝鲜族自治州,烟台,0.00070756416
赤峰,烟台,0.0004422276
延边朝鲜族自治州,辽源,0.00035470224
通辽,辽源,0.00031529088
钦州,辽源,0.00015764544
鄂尔多斯,辽源,0.00012808692
赤峰,辽源,8.867556e-05
百色,辽源,5.911704000000001e-05
保亭黎族苗族自治县,辽源,5.911704000000001e-05
呼伦贝尔,辽源,5.911704000000001e-05
南宁,辽源,2.9558520000000013e-05
防城港,辽源,2.9558520000000013e-05
兴安盟,辽源,2.9558520000000013e-05
锡林郭勒盟,辽源,2.9558520000000013e-05
银川,辽源,2.9558520000000013e-05
陵水黎族自治县,辽源,2.9558520000000013e-05
乌兰察布,大同,0.0306159588
鄂尔多斯,大同,0.016912702800000002
呼和浩特,大同,0.006779505600000001
包头,大同,0.0043634052
锡林郭勒盟,大同,0.0008294076
赤峰,大同,0.0006130404
巴彦淖尔,大同,0.0004687956
乌海,大同,0.0002884896
阿拉善盟,大同,0.0002524284
银川,大同,0.0001803059999999
鄂尔多斯,乌海,0.076903668
阿拉善盟,乌海,0.029840076
巴彦淖尔,乌海,0.016229484
石嘴山,乌海,0.0113549039999999
银川,乌海,0.0065759040000000005
包头,乌海,0.006174468000000001
呼和浩特,乌海,0.004912812
乌兰察布,乌海,0.0027144720000000003
吴忠,乌海,0.001510164
中卫,乌海,0.0013572360000000002
固原,乌海,0.000898452
通辽,乌海,0.00038232
赤峰,乌海,0.0003058559999999
陵水黎族自治县,乌海,0.0001529279999999
锡林郭勒盟,乌海,0.000114696
兴安盟,乌海,9.558e-05
临夏回族自治州,乌海,5.7348e-05
